Feature,GHS01_Explosive,GHS02_Flammable,GHS03_Oxidising,GHS04_CompressedGas,GHS05_Corrosive,GHS06_AcuteToxicity,GHS07_Irritant,GHS08_HealthHazard,GHS09_Environmental,Mean_across_all_classes
LabuteASA,0.005166306,0.43960863,0.22990663,1.3558183,0.009083958,0.007991135,0.13756981,0.06138841,0.2548804,0.27793488
TPSA,0.27503827,0.54082716,0.6119931,0.66186464,0.08478885,0.026777724,0.042062823,0.14088717,0.07174609,0.27288732
Kappa2,0.003564245,0.06752992,0.29665384,1.7904801,0.012738597,0.0064414935,0.038929183,0.057917655,0.09892917,0.26368716
Chi4n,0.0168402,0.117017426,0.3501117,1.5397841,0.017204752,0.03149221,0.04398259,0.17576924,0.058113564,0.2611462
BertzCT,0.016703906,0.64903617,0.28168467,0.6232904,0.34521312,0.029484535,0.11732016,0.050915282,0.049251728,0.24032222
Chi3n,0.021679582,0.080890864,0.95268905,0.5379599,0.01426143,0.07676315,0.04216313,0.08348747,0.05552144,0.20726845
MolLogP,0.02471356,0.035772093,0.37348306,0.52071106,0.03408471,0.013610154,0.11546756,0.029544111,0.37843102,0.16953526
ExactMolWt,0.0041662115,0.16135657,0.16002566,0.7481503,0.016320722,0.17127213,0.044717323,0.06465202,0.057771847,0.15871474
MolWt,0.013566527,0.17202652,0.2039153,0.76710135,0.011032091,0.032214552,0.05693469,0.060529068,0.043050896,0.15115233
Chi2n,0.07528142,0.03814535,0.15066914,0.6846765,0.018381808,0.0675174,0.016002664,0.09944009,0.04470025,0.13275719
Kappa3,0.070183426,0.056799922,0.44673654,0.4480493,0.011277333,0.006662052,0.014244243,0.019304186,0.025917653,0.1221305
MACCS_124,0.49089092,0.08347116,0.4551763,0.037539124,0.003945746,0.00351566,0.006236396,0.00081701594,0.009392041,0.121220484
NumHDonors,0.0043424284,0.2335049,0.17614494,0.41758066,0.024974376,0.012016218,0.09039725,0.12137788,0.010287887,0.121180736
BalabanJ,0.027446013,0.06254434,0.36583862,0.37509742,0.08637107,0.052651886,0.029766392,0.053680092,0.037090275,0.12116513
FractionCSP3,0.025958018,0.15210792,0.4053659,0.21709228,0.067204855,0.02487996,0.031092139,0.058271263,0.10221644,0.12046543
MACCS_102,0.14056915,0.013084174,0.7760504,0.015425992,0.0019694509,0.00045532384,0.00069219456,0.0016708664,0.0017022942,0.10573553
MACCS_137,0.01948204,0.06321308,0.058714826,0.121801205,0.004013888,0.047351614,0.15367919,0.02608969,0.358769,0.09479051
Chi1,0.003312887,0.045427535,0.13726898,0.018557945,0.009985814,0.044922344,0.16439807,0.10684353,0.30195013,0.09251858
MACCS_70,0.55365986,0.07482985,0.14343107,0.0115626175,0.0010830192,0.0002028766,0.007434845,0.005511451,1.8371544e-05,0.08863711
NumHeteroatoms,0.008474713,0.09041349,0.07361059,0.38289696,0.039114345,0.007870958,0.046305355,0.07350023,0.063600466,0.08730968
NumRotatableBonds,0.0025826446,0.014289846,0.14523832,0.46730062,0.022225974,0.0094834585,0.017536715,0.052859344,0.05370952,0.08724739
NHOHCount,0.01272272,0.18149194,0.18091539,0.22425786,0.027123619,0.025909333,0.027106592,0.051837202,0.03276592,0.08490339
Kappa1,0.008091348,0.026946407,0.22736196,0.2919742,0.015205452,0.016862672,0.017607313,0.071567826,0.03393005,0.07883859
RingCount,0.005707453,0.08493375,0.03339436,0.21662515,0.09247676,0.0062428345,0.10531717,0.07165204,0.031010035,0.07192884
MACCS_31,0.002460968,0.0057782773,0.37577844,0.0026051842,0.15343219,0.002939957,0.060578376,0.010394238,0.028486867,0.07138382
NumHAcceptors,0.027607955,0.03305524,0.18215176,0.29275537,0.014226873,0.0054111215,0.017865065,0.030185524,0.03127168,0.0705034
Morgan_514,0.03502813,0.04994874,0.024411619,0.0038152637,0.23570141,0.023338282,0.0980456,0.020612376,0.12151976,0.0680468
MACCS_44,0.0016495343,0.030153342,0.17999423,0.116237044,0.007375572,0.008328325,0.029248547,0.07920746,0.11223158,0.06271395
Morgan_356,0.0,0.13892391,0.02425915,0.29465583,0.06106967,0.0026964168,0.002863258,0.007997679,0.00035125052,0.059201904
MACCS_49,0.06707284,0.038135804,0.2721998,0.08519968,0.010957189,0.0019665477,0.011801988,0.013164039,0.012478891,0.05699742
NumAromaticRings,0.013146528,0.034599658,0.014167831,0.23934811,0.03457799,0.005711695,0.011302915,0.00792909,0.12896167,0.054416165
MACCS_154,0.034542516,0.08707638,0.06766435,0.0518609,0.12327979,0.018027013,0.058368403,0.019631675,0.01595152,0.05293362
MACCS_88,0.023446407,0.087028496,0.23442076,0.09053772,0.0029351036,0.0014316947,0.016191574,0.007568538,0.012767716,0.052925333
MACCS_139,0.0005095747,0.050988346,0.044847433,0.18364534,0.09142867,0.0052985204,0.05244919,0.014337691,0.027250135,0.0523061
MACCS_153,0.008117309,0.046296693,0.05837449,0.20759134,0.11364616,0.006585452,0.012955171,0.011460147,0.0021345112,0.05190681
Morgan_378,0.006281072,0.011124151,0.22134273,0.02290502,0.0057828175,0.023520602,0.0033553722,0.052144077,0.07892414,0.04726444
MACCS_121,0.029436087,0.07932859,0.02895254,0.0074478607,0.0059176106,0.009830506,0.09786523,0.11888935,0.04705384,0.047191292
Chi0,0.0054975497,0.07279747,0.09750459,0.016122043,0.011980446,0.027304664,0.031784978,0.07679824,0.05869836,0.04427648
MACCS_42,0.0017506159,0.027712706,0.030908603,0.19282642,0.0010445999,0.0019727442,0.024697056,0.035219416,0.05386078,0.04111033
Morgan_33,0.0004164536,0.009315485,0.04841389,0.29208362,0.002793838,0.0077393535,0.0034229457,0.0017843943,0.0024265344,0.040932946
MACCS_131,0.000112862035,0.16980468,0.046030845,0.042313423,0.06096197,0.0071642483,0.018098544,0.0033468497,0.0031342339,0.038996402
NOCount,0.021465003,0.065860294,0.09111861,0.107644364,0.021362131,0.003982133,0.006595315,0.015350847,0.0072975834,0.03785292
MACCS_130,0.022973008,0.009298385,0.21433419,0.052972298,0.003002234,0.0025373185,0.0087917745,0.003927065,0.014054726,0.03687677
MACCS_134,0.0026791391,0.042796746,0.055970386,0.0082348855,0.04419831,0.0046499935,0.025610162,0.06977928,0.06898278,0.03587796
Morgan_650,0.0002039993,0.15277462,0.047059424,0.06333641,0.040567484,0.0023586245,0.0074710804,0.0037736406,0.0038199744,0.03570725
Morgan_694,0.024478706,0.010295128,0.16530804,0.025987986,0.042668127,0.008423482,0.017079135,0.017918479,0.004493156,0.035183582
MACCS_65,0.00014889812,0.04908877,0.01616562,0.0,0.0054324665,0.023624923,0.077758364,0.013168758,0.12930869,0.034966275
MACCS_158,0.0075626257,0.0057589477,0.027383422,0.14755441,0.066705264,0.009335288,0.012897488,0.02061925,0.006469977,0.03380963
MACCS_146,0.0001575498,0.003907232,0.26138297,0.005986317,0.017744636,0.004095494,0.0007936211,0.002974344,0.0019982595,0.03322671
Morgan_80,0.00073357805,0.0039904523,0.18318425,0.0557791,0.021188984,0.006232186,0.003870791,0.0053059123,0.010703779,0.03233211
MACCS_132,0.00048204226,0.02475565,0.07359716,0.11645752,0.0042264424,0.004224059,0.02533672,0.029596468,0.0046596783,0.031481754
MACCS_155,0.0013110583,0.008747493,0.17690298,0.012418196,0.059508525,0.0020954811,0.008531579,0.00057301973,0.0058142566,0.03065584
MACCS_156,0.035559244,0.0034553278,0.11125793,0.09116892,0.009811545,0.0013855476,0.010880301,0.007140538,0.0041828775,0.030538026
MACCS_46,7.5867e-05,0.043771986,0.0072885733,0.018494856,0.02205298,0.015854148,0.021539005,0.057296693,0.085896246,0.030252261
HeavyAtomCount,0.0010813856,0.020665681,0.06024271,0.14190377,0.004110902,0.0017883162,0.003946997,0.008073515,0.018114807,0.028880898
MACCS_18,0.008554491,0.0054288446,0.06771861,0.0061445506,0.0005250753,0.0137367975,0.014644716,0.037314944,0.10317414,0.028582463
MACCS_119,0.0078909835,0.050854057,0.0061119646,0.00057663786,0.003658478,0.051779084,0.015587886,0.115360975,0.005197069,0.028557463
MACCS_106,0.006236917,0.0315771,0.051611956,0.1304436,0.0047678105,0.0050207684,0.012839204,0.004572206,0.008748603,0.02842424
MACCS_160,9.7106145e-05,0.012191581,0.0830997,0.14208621,0.001190694,0.0032098677,0.004148077,0.00330171,0.0039453525,0.028141145
Morgan_893,0.0026374157,0.0047140596,0.052548397,0.02613163,0.0049022967,0.01664948,0.01526761,0.09902166,0.025704972,0.027508613
MACCS_142,0.16622557,0.0037427822,0.011214005,0.0010661834,0.03292154,0.0049832636,0.006803905,0.0036618619,0.008134108,0.026528133
MACCS_123,0.0014603358,0.009226863,0.052095972,0.019374575,0.010543212,0.05055164,0.04864402,0.04005068,0.002927743,0.026097229
MACCS_96,0.009321433,0.008289301,0.09251258,0.0,0.068252474,0.0119108,0.0027757725,0.015735721,0.020277485,0.02545284
Morgan_695,0.0034509588,0.051776584,0.14623378,0.0033596638,0.0018545077,0.000914109,0.0058257408,0.0029104727,0.0024033072,0.024303237
MACCS_103,0.0,0.12014738,0.01037442,0.03641777,0.042335015,0.002575876,0.004281618,0.0011921405,0.001118358,0.024271399
MACCS_41,0.00043926178,0.045649666,0.004409325,0.01542788,0.032546926,0.09088264,0.00020526651,0.025812343,0.0016344638,0.024111975
MACCS_164,0.0017504507,0.011702152,0.05514427,0.012498384,0.019173447,0.077374734,0.02986469,0.0024113003,0.0023981484,0.023590842
MACCS_104,0.0029574735,0.0045303,0.1495285,0.006102665,0.023099026,0.009801893,0.0019141565,0.010224079,0.0033371444,0.02349947
MACCS_157,0.00062718056,0.0060599586,0.029641477,0.07827429,0.033135563,0.035442557,0.017143935,0.0022813962,0.0039016393,0.022945335
Morgan_659,0.00022276766,0.01798372,0.070543356,0.017685814,0.0708675,0.0018799745,0.011544982,0.009874805,0.00587978,0.022942523
MACCS_151,0.026458692,0.021259556,0.054920528,0.008294667,0.067597024,0.005959345,0.012445441,0.0034417196,0.005369975,0.022860773
MACCS_87,0.0001054111,0.040551323,0.0503055,0.0,0.05789379,0.00407968,0.034522954,0.012288442,0.004157229,0.022656035
Morgan_389,0.00036838045,0.022152366,0.03331788,0.0,0.017985297,0.004011257,0.022660261,0.031610537,0.0716096,0.022635065
Morgan_128,0.030807452,0.0025859715,0.10809925,0.039726987,0.0026693353,0.0031502445,0.002479148,0.0066173333,0.0022926247,0.022047594
MACCS_107,0.0029991334,0.0046269777,0.15115187,0.0022306684,0.007958003,0.0013603639,0.006892143,0.017637834,0.0015978824,0.02182832
MACCS_83,0.05549839,0.009905098,0.05477072,0.0,0.014938478,0.0030890296,0.008253942,0.0352866,0.011381722,0.02145822
MACCS_149,0.009349142,0.08165772,0.053687256,0.025928926,0.0015522301,0.002479104,0.008851992,0.0041348822,0.00481468,0.021383993
MACCS_166,0.0002606582,0.0077717677,0.011782136,0.1224517,0.03069623,0.00039795987,0.006670664,0.0043896013,0.0072141597,0.021292765
MACCS_112,0.00056469033,0.055202734,0.088464394,0.013935018,0.0015505973,0.0022670806,0.0035594897,0.0058707884,0.010653886,0.020229854
Morgan_807,0.00072951906,0.0054888455,0.07036337,0.068248235,0.013116129,0.0035154582,0.0044603087,0.0050423774,0.0055638864,0.019614236
MACCS_117,0.030290332,0.0072952523,0.010736641,0.0069261836,0.09680617,0.0065144696,0.0048689726,0.0079787765,0.0028731085,0.019365545
Morgan_849,0.00025168998,0.0038616613,0.020195993,0.1198415,0.016815348,0.0010275521,0.0008820321,0.0013692062,0.006694343,0.01899326
MACCS_84,0.0007890846,0.004972809,0.058453333,0.013008519,0.062640734,0.00069104054,0.008676857,0.0068317503,0.01436872,0.018936982
Morgan_728,0.0,0.048371732,0.008436797,0.04446388,0.015613335,0.0037938273,0.012829275,0.011081045,0.021860478,0.018494485
MACCS_161,0.028044418,0.04713827,0.03507506,0.018353287,0.01425134,0.011898999,0.0041445782,0.0025534378,0.0033901122,0.018316612
Morgan_725,0.001100743,0.0041823303,0.013215776,0.0010788398,0.0014034011,0.019834641,0.025230449,0.094817966,0.002538972,0.018155903
Morgan_904,0.010658383,0.020264845,0.024196075,0.04852028,0.0011612031,0.0022605904,0.014219983,0.028571565,0.0131865,0.018115493
Morgan_926,0.00067136076,0.011411795,0.0,0.042270992,0.013175084,0.040315155,0.025971072,0.022631768,0.0016759378,0.017569238
MACCS_148,0.060743704,0.023700606,0.026223343,0.018213257,0.00620068,0.0016616298,0.011676571,0.002156844,0.0073293205,0.017545106
MACCS_93,0.013994525,0.01858517,0.06422398,0.029345896,0.00570548,0.004684526,0.004935847,0.0063295923,0.008789876,0.017399434
MACCS_91,0.0049158214,0.007609451,0.07433921,0.0,0.0016041604,0.0051074442,0.004982093,0.013509122,0.042669237,0.01719295
MACCS_133,0.001829305,0.002997105,0.118781224,0.0,0.005017438,0.0015026337,0.0015940885,0.010973687,0.0072875824,0.016664784
MACCS_90,0.04577287,0.0102178985,0.013546325,0.0007209415,0.002124525,0.0021381944,0.0040240726,0.021613732,0.046473578,0.01629246
Morgan_607,0.00091089617,0.01630863,0.004904699,0.012169184,0.044959925,0.0005052318,0.031042596,0.033260666,0.0012659042,0.016147526
MACCS_95,0.0076644314,0.0076593305,0.10260524,0.0,0.017598199,0.0021817696,0.002931727,0.0026904058,0.0014043414,0.016081715
MACCS_101,0.0,0.00586827,0.10133721,0.0,0.028791908,0.0012366557,0.0017370435,0.0013288956,0.0027157206,0.015890636
MACCS_159,0.0005158402,0.002514251,0.09252509,0.000676266,0.039189365,0.0020709487,0.0013144234,0.0006484371,0.0029862034,0.015826758
MACCS_135,7.1607516e-05,0.017378982,0.016785478,0.0,0.029241614,0.0058523603,0.002128627,0.040549934,0.026927799,0.015437378
MACCS_126,0.00050680863,0.06920095,0.05167256,0.004914708,0.0010275157,0.0005540284,0.0004957252,0.0058913487,0.0022072494,0.015163432
Morgan_981,0.00037928828,0.0057087145,0.001193334,0.012034087,0.048154317,0.0011156708,0.030726103,0.03045227,0.005866282,0.015070008
MACCS_62,0.015719214,0.01186936,0.019886436,0.0,0.0004168311,0.0014018685,0.013001616,0.055615243,0.013553755,0.014607146
MACCS_92,0.0026955616,0.022552546,0.04470701,0.0,0.009774802,0.0009381725,0.014116561,0.001869616,0.031559117,0.014245932
MACCS_82,0.0,0.0047811135,0.012482343,0.00022140381,0.029881129,0.022590682,0.01116817,0.029902905,0.012272838,0.013700064
Morgan_674,0.0062949057,0.0019082696,0.045365375,0.0035621505,0.0028431288,0.009887643,0.011437114,0.010388833,0.02978491,0.013496926
MACCS_136,0.0004433067,0.0190679,0.07200018,0.010422786,0.010147833,0.002506314,0.00067451806,0.0032375648,0.0025664903,0.013451878
MACCS_100,0.00010672126,0.010284695,0.010212587,0.00523203,0.079445,0.0019034513,0.007340059,0.0026900163,0.003015135,0.013358856
MACCS_127,0.0007423644,0.005503631,0.028142154,0.0,0.002440731,0.014327809,0.026748614,0.016989892,0.024778571,0.013297086
MACCS_145,0.0068235546,0.0055737025,0.0018683344,0.0,0.0016156904,0.018393423,0.013521595,0.003190365,0.06691414,0.0131000895
Morgan_1,0.00037950897,0.0036865764,0.032135755,0.062064894,0.0039956155,0.0042200815,0.003265892,0.0058638765,0.0011631243,0.012975036
Morgan_915,0.0,0.003895484,0.0,0.0013737013,0.0044694752,0.002201414,0.03048965,0.025936838,0.04710902,0.01283062
MACCS_152,0.0,0.018155877,0.009493063,0.014312238,0.02498283,0.0018921146,0.012418826,0.021288842,0.0097539695,0.012477529
MACCS_89,0.0014743324,0.005894814,0.022805393,0.0,0.0012749771,0.021105684,0.027779095,0.024169814,0.005903183,0.012267477
MACCS_111,0.029670065,0.004531008,0.05362057,0.0,0.0057327813,0.0006805572,0.0055570863,0.003621714,0.0056058425,0.012113292
MACCS_150,0.0010331222,0.017026087,0.05371585,0.0,0.00105464,0.0006421964,0.0069246236,0.0040413653,0.024159666,0.012066394
Morgan_875,0.0002165872,0.021632101,0.073064744,0.0,0.000623899,0.0046971007,0.0019563898,0.0046190517,0.0016942475,0.012056013
MACCS_141,0.0,0.067910895,0.007613136,0.0017677792,0.01063587,0.0009412969,0.011437694,0.0017672229,0.006427314,0.01205569
MACCS_11,0.0,0.00027518332,0.0,0.0,0.0004995923,0.011731462,0.019888213,0.024805894,0.049683914,0.011876028
MACCS_147,0.001638572,0.026496349,0.071660966,0.0011035015,0.0018461104,0.00038108564,0.00017451782,0.0016068702,0.0016369655,0.011838325
Morgan_1019,0.0,0.0022344084,0.0039356714,0.08939721,0.00030731582,0.0024898397,0.001868828,0.003748888,0.0025620179,0.0118382415
MACCS_52,0.0013408108,0.027385144,0.002468162,0.011605156,0.043642752,0.0038991992,0.0043084146,0.0098875705,0.0012799476,0.011757462
MACCS_163,0.0,0.013544335,0.034786507,0.023927607,0.0012308756,0.0021959275,0.008770752,0.013785923,0.00557923,0.011535684
MACCS_138,2.0284864e-05,0.007780459,0.05930802,0.009111137,0.010738397,0.0015760656,0.00030763805,0.0016096877,0.013362346,0.011534893
Morgan_429,0.00015880103,0.053168733,0.016258368,0.027723188,0.00067886396,0.0033645534,0.0007687833,0.0010286501,0.0006301985,0.011531127
MACCS_98,0.006795681,0.044770908,0.0060706805,0.0,0.0066416343,0.0043036807,0.0025954628,0.0123168705,0.0202416,0.01152628
MACCS_110,0.00086979696,0.0054515526,0.029067827,0.040328622,0.005476525,0.0011408547,0.005973354,0.008196202,0.0071792244,0.011520441
NumSaturatedRings,0.0,0.0077462746,0.06748054,0.0,0.002188803,0.0015169343,0.0028160086,0.0073876297,0.013241294,0.0113752745
MACCS_48,0.0010241257,0.002286672,0.035707865,0.0,0.01776219,0.008268813,0.01594588,0.01321557,0.007116232,0.011258594
MACCS_105,5.9792495e-05,0.024395052,0.036056932,0.0,0.010035673,0.012627999,0.005923097,0.0041249166,0.006221833,0.011049476
MACCS_115,0.0,0.0020722775,0.038980156,0.0005145913,0.0010358986,0.0016277736,0.007874302,0.031784747,0.012132085,0.010669094
MACCS_24,0.015288984,0.004306991,0.06023955,0.0,9.502185e-05,0.00022297188,0.00019076126,0.004578023,0.007696128,0.010290938
Morgan_841,0.0038553153,0.0027489907,0.03444249,0.0072345696,0.0153226275,0.0016272417,0.0067705507,0.011923249,0.007984263,0.010212145
MACCS_113,0.001936346,0.0012753655,0.020984298,0.0,0.017255856,0.0073630293,0.0014843936,0.0014138306,0.039497122,0.010134471
MACCS_27,0.012685498,0.012533518,0.015407218,0.007072045,0.0007719683,0.0029732357,0.018468041,0.0073001347,0.013732543,0.010104912
Morgan_85,0.00047296524,0.011956662,0.0007899334,0.0029423456,0.0651384,0.00033352216,0.002142145,0.0061005806,0.0006278322,0.010056043
Morgan_433,0.0021158517,0.007336964,0.006856239,0.0018716127,0.039717685,0.0003416634,0.016719192,0.010966123,0.0026124872,0.009837534
Morgan_135,0.0,0.04987128,0.0,0.0,0.019353585,0.00011513151,0.014467755,0.0024803702,0.0011310059,0.009713236
Morgan_550,0.0,0.014828654,0.00483827,0.0014843887,0.0017508771,0.000649164,0.02611511,0.03096974,0.006079165,0.0096350415
NumAliphaticRings,0.0014522797,0.013166939,0.011760889,0.002552375,0.019184403,0.0066000037,0.0068312213,0.012315931,0.011546501,0.009490061
Morgan_561,8.9121706e-05,0.0018340246,0.012211715,0.0022972554,0.015789045,0.003909093,0.002456163,0.0032832914,0.04323502,0.00945608
MACCS_66,0.0,0.005585221,0.013872556,0.012525186,0.0006594094,0.024092468,0.024153516,0.0026213806,0.0013759919,0.009431748
MACCS_86,0.0002476999,0.013348586,0.018445356,0.0028047825,0.035793457,0.0019112596,0.0026950575,0.0026527136,0.0068708747,0.009418865
MACCS_109,0.0006977086,0.002266724,0.01825272,9.909057e-05,0.03945108,0.008383443,0.00843516,0.0021618532,0.004696886,0.009382741
Morgan_456,0.0018978895,0.01312416,0.031398673,0.0,0.004621792,0.0028719231,0.01723417,0.007469294,0.004894626,0.009279171
Morgan_175,3.534121e-05,0.028566897,0.017503709,0.0,0.004609795,0.0013062577,0.0071499064,0.007975457,0.016289238,0.009270732
MACCS_63,0.00059381634,0.0012094611,0.009395784,0.06703192,0.0005924256,0.000102547536,0.0003058017,0.002886173,0.000101335645,0.0091354735
MACCS_162,0.0007857291,0.007533962,0.0,0.06465003,0.0069565354,2.8510702e-05,0.00078981294,0.00023442919,0.0009929601,0.009107997
MACCS_122,0.00079347286,0.01198741,0.05235425,0.007372077,0.0005902941,0.0008411271,0.0025107807,0.002229762,0.0026316026,0.009034531
Morgan_214,0.0009483264,0.0015434225,0.0018804036,0.059971865,0.0010749986,0.00017026356,0.0026872917,0.010844705,0.001357563,0.008942094
Morgan_797,0.0,0.003294432,0.0,0.0,2.6164995e-05,0.0011705474,0.012061599,0.049173553,0.011379131,0.00856727
Morgan_59,0.0,0.0011153065,0.00032104048,0.06945623,4.8466776e-05,6.906036e-05,0.0020988637,0.0024452265,0.0006329326,0.008465236
Morgan_251,0.0,0.0038262005,0.0016805752,0.001335139,0.061808247,0.0016245333,0.001735611,0.0012073942,0.0026642636,0.008431329
Morgan_1004,0.00039654254,0.0017590646,0.0074658687,0.021041704,0.0013345265,0.0019147545,0.02445083,0.016975531,0.00045069226,0.008421057
MACCS_165,0.0,0.0069054677,0.0,0.04534422,6.5206026e-05,0.0,0.013257565,0.00934324,0.00077233295,0.00840978
Morgan_64,0.0007226835,0.0071824836,0.03925532,0.0,0.011003172,0.0033599888,0.00448235,0.0022367784,0.006964577,0.008356373
MACCS_85,0.012426101,0.014642938,0.0042009074,0.00011658399,0.0026780202,0.013158586,0.0063237743,0.018907743,0.0020850985,0.008282195
MACCS_29,1.8863126e-05,0.0042911246,0.054775428,0.0023583167,0.0011331352,0.0067610065,0.0011351038,0.000544297,0.0032163744,0.008248183
MACCS_99,0.00042249032,0.002692129,0.006101988,0.012546163,0.0043009464,0.0073331036,0.0058990433,0.019748753,0.014954211,0.008222092
Morgan_361,0.0012051616,0.0035725725,0.046180494,0.0017065624,0.009025367,0.0014085994,0.0043860916,0.005150757,0.001099796,0.008192822
Morgan_268,0.0045266314,0.0011053929,0.003003502,0.0050641503,0.03194709,0.0011960353,0.021539478,0.0012700978,0.0025419805,0.008021596
MACCS_120,0.0010030634,0.0050419774,0.015727416,0.0,0.0072440766,0.026267743,0.003095334,0.0072146924,0.00655159,0.00801621
Morgan_114,0.0,0.01773795,0.025476908,0.007914675,0.00091448484,0.0005071934,0.0059908666,0.0016824751,0.007340247,0.0075072
Morgan_1020,0.0,0.00017473142,0.00020325782,0.06477989,0.00026267843,5.6019853e-05,0.00014192468,0.001173078,4.5484434e-05,0.0074263415
MACCS_79,0.00034581116,0.0111500565,0.013143809,0.0067798574,0.016397422,0.00048456973,0.0040307688,0.012202413,0.0021038554,0.007404285
Morgan_314,0.0039095636,0.01226494,0.0027883402,0.0008192147,0.029082792,0.0023942352,0.009927645,0.002829027,0.0023429918,0.0073731947
MACCS_47,0.0017788867,0.015267992,0.0,0.0,0.0063042287,0.007413849,0.017572679,0.0052004666,0.012125745,0.0072959834
MACCS_116,0.0004831475,0.0045997086,0.0036656414,0.017051205,0.0026271453,0.003888231,0.003505228,0.018155321,0.011437937,0.0072681736
Morgan_715,0.00042812593,0.006667063,0.04032343,0.0006547623,0.0015925084,0.0007729407,0.013322392,0.0007472794,0.000514902,0.0072248224
Morgan_392,0.0012195542,0.011029873,0.009469979,0.006600388,0.0008664019,0.0013439147,0.023305569,0.009278782,0.001637411,0.007194653
MACCS_72,0.011218003,0.010423311,0.022909958,0.0042169504,0.0012405468,0.0011652376,0.0017513852,0.003527178,0.0056264903,0.006897674
MACCS_118,0.00056252774,0.02249159,0.022441592,0.0076411343,0.0025123698,0.0007106309,0.0014426619,0.0025676328,0.0013830744,0.006861469
MACCS_77,0.019929817,0.0037742476,0.00014642814,0.0,0.020886615,0.0037961546,0.0016899687,0.0069075003,0.004575152,0.006856209
Morgan_294,0.00034794427,0.008923581,0.028501606,0.0073402063,0.006131015,0.00036639124,0.0046945247,0.0014308741,0.0022738543,0.0066677774
MACCS_73,0.0,0.005735459,0.017181253,0.012223961,0.018053137,0.00065605814,0.0023172887,0.000940135,0.0023247842,0.0066035637
MACCS_51,5.9989397e-05,0.0101836035,0.007074561,0.001089776,0.00035528286,0.00890095,0.0010742622,0.0036203647,0.025975103,0.006481543
Morgan_147,4.5715176e-05,0.006271103,0.031245518,0.0033090643,0.003439993,0.0026396934,0.0026302952,0.0032262509,0.0045066397,0.006368252
MACCS_80,0.017701423,0.006304753,0.017716035,0.0,0.0040601776,0.00093597604,0.0029243026,0.004005316,0.0019116871,0.006173297
Morgan_726,0.000989199,0.018696604,0.011930766,0.001760759,0.0039358204,0.0060074963,0.0030028422,0.0021010665,0.0070401523,0.0061627454
Morgan_140,0.0004546148,0.010729407,0.002495662,0.0,0.021416593,0.0002806336,0.0027665214,0.010289776,0.006777103,0.006134479
Morgan_656,0.004912811,0.02044155,0.0060221804,0.0,0.00065495283,0.0006679567,0.0024856208,0.0025433218,0.016823975,0.006061374
Morgan_39,0.0,0.026467677,0.0,0.00065288064,0.004997435,0.0012618895,0.011285594,0.003110092,0.00669178,0.006051928
MACCS_23,0.0030217431,0.0013694189,0.0,0.0,0.008453095,0.016755737,0.0141782705,0.0013418499,0.0080060195,0.0059029036
MACCS_81,0.001574067,0.008073729,0.010639919,0.0089755,0.0019492217,0.0037273935,0.0044092657,0.00652818,0.007051582,0.005880984
Morgan_283,0.0005591718,0.0028843668,0.0,0.026656562,0.004399961,0.0030949384,0.0066605615,0.0038286734,0.0046056323,0.0058544297
MACCS_94,0.0016401582,0.007689073,0.022556761,0.0,0.012444545,0.00065706176,0.0011081216,0.001389909,0.005068068,0.0058393
MACCS_108,0.010713749,0.0028289743,0.030192725,0.0,0.0013718811,0.0009053397,0.0010099092,0.0025387672,0.002362298,0.0057692938
Morgan_199,0.023225058,0.0061248904,0.019691665,0.0,9.891645e-05,4.4027725e-05,0.0,0.00012244645,0.0022469645,0.005728219
Morgan_452,0.010026923,0.0020228587,0.0063626133,0.0045503834,0.010839645,0.0010798802,0.00044117082,0.006027425,0.009504814,0.005650635
Morgan_271,0.0,0.0003051732,0.0053292345,0.04163699,0.000588394,0.00037607586,0.00012004738,0.0013076853,0.0009801182,0.0056270794
Morgan_654,0.0,0.0,0.050460175,0.0,0.0,1.410544e-05,0.0,0.0,6.7311565e-05,0.005615732
Morgan_578,3.2721808e-05,0.0013119113,0.0043179183,0.0,0.027968934,0.0006496573,0.0022893534,0.0019317215,0.010907941,0.005490018
Morgan_786,4.1635194e-05,0.003389919,0.0,0.0,0.04077761,0.0009256681,0.00067655026,0.0018062153,0.0011841918,0.005422421
Morgan_714,0.0,0.017843861,0.002900608,0.0,0.0076757744,0.002360399,0.010236314,0.0059019187,0.0015711111,0.0053877765
Morgan_301,0.0026444276,0.001321582,0.033621047,0.0025094608,0.00041367774,0.00040705234,0.0010617547,0.003445844,0.0030564424,0.0053868103
MACCS_69,0.00061680115,0.01482547,0.008623799,0.0074536484,0.004555357,0.0002347372,0.0007164405,0.0086866515,0.0023411827,0.0053393426
Morgan_511,0.0029223764,0.009342983,0.00091996224,0.002159995,0.007793802,0.0017138934,0.0060162917,0.0028925836,0.013743331,0.005278358
MACCS_144,0.00032347508,0.015037097,0.011767869,0.0,0.0009953176,0.0010778587,0.0028616546,0.0051062345,0.009806342,0.0052195387
MACCS_38,0.0014759339,0.0011049999,0.0011394034,0.0,0.0005910148,0.00075759797,0.010735387,0.017365362,0.012796764,0.005107385
MACCS_114,0.0,0.018500533,0.010606322,0.008108872,0.0026131135,0.00081865845,0.0023824128,0.0011361163,0.001783661,0.005105521
MACCS_74,0.00016962594,0.0029006032,0.021792116,0.006040683,0.0021816364,0.0030085556,0.0013004134,0.004743583,0.0024128417,0.0049500065
Morgan_486,0.003052619,0.015912935,0.022017227,0.0,0.00023702673,0.00021806883,0.00044828877,0.00024481057,0.0015455332,0.0048529455
MACCS_125,0.00037588523,0.0048035914,0.013512029,0.0,0.0010761432,0.0001444461,0.0010415384,0.0024369734,0.02021857,0.0048454646
Morgan_835,0.0,0.0015968367,0.0046895663,0.013566053,0.0021075422,0.000687202,0.0057921866,0.005069813,0.010067541,0.0048418604
Morgan_428,0.011635427,0.0046166736,0.01221833,0.0026891213,0.00081031735,0.0014940394,0.0023114749,0.0056757494,0.0020102558,0.004829043
MACCS_64,9.4825176e-05,0.00014298406,0.005369228,0.0,0.0006233886,0.011114051,0.0006663651,0.01888782,0.005911616,0.0047566975
Morgan_41,0.0,0.008785947,0.0,0.0,0.00077835814,0.0004602218,0.00090056146,0.025980098,0.0050702705,0.004663939
MACCS_128,0.0005337081,0.028119752,0.0,0.0,0.0037560435,0.00109479,0.005921454,0.0011495563,0.0013667656,0.0046602297
Morgan_881,0.000116029725,0.0012996785,0.008970934,0.0,0.0011408397,0.0051219948,0.0031333768,0.0036340326,0.018487586,0.004656052
Morgan_711,0.000674202,0.005868029,0.011002121,0.0,0.016059523,0.0017545098,0.0028863964,0.0010080187,0.0023567386,0.0046232822
Morgan_698,0.0,0.0067722755,0.020789048,0.001740438,0.0010943187,0.0009273756,0.0017160189,0.0052924035,0.0021707488,0.004500292
Morgan_580,0.0,0.0022912766,0.0032730203,0.0,7.194817e-05,0.00010458754,0.0027346276,0.0062633823,0.025396205,0.00445945
Morgan_864,0.00028929382,0.00072168774,0.0,0.0,0.009750186,0.0025163365,0.0010087519,0.016497716,0.00910477,0.004432082
Morgan_8,0.00017741276,0.0003187558,0.024262128,0.01382819,3.4728186e-05,6.233766e-05,1.1066394e-05,0.00046958984,0.00037694265,0.0043934616
MACCS_129,2.909304e-05,0.009328993,0.0141030075,0.0052235923,0.0026914414,0.0003150511,0.00089021836,0.0055609928,0.0011725873,0.004368331
MACCS_22,0.0,0.016376425,0.0,0.00065539416,0.00038000883,0.0008024248,6.2133266e-05,0.019462619,0.0009163579,0.004295041
MACCS_97,0.0011638945,0.0005900021,0.009307763,0.0,0.014242059,0.0015483898,0.0024507013,0.002245563,0.0063813613,0.004214415
Morgan_29,0.0,0.00043167616,0.0007019818,0.0,0.0014528616,9.691933e-05,0.0032679453,0.017006394,0.014652632,0.0041789347
Morgan_350,0.0012418741,0.0003301734,0.012180125,0.0009946602,0.007952766,0.0018146099,0.0003997366,0.012069568,0.00038019422,0.004151523
Morgan_833,0.0017982522,0.00016683979,0.015982065,0.0,0.0059563103,5.284812e-05,0.0092961835,0.00013260389,0.0034943258,0.0040977146
Morgan_507,0.0,0.013380265,0.0013535889,0.0,0.0031449033,0.00028899478,0.0026436495,0.012094247,0.0038119368,0.0040797316
Morgan_222,0.00019387553,0.0013495062,0.01869708,0.0005930507,0.008422383,0.0004448613,0.0028459681,0.0033867366,0.00043035988,0.0040404247
Morgan_226,0.0002509564,0.00012158263,0.0,0.0,0.022962797,9.468487e-05,0.010131169,0.0014710174,0.0011052205,0.0040152697
MACCS_76,0.00021371104,0.0012581386,0.0,0.0069834874,0.013209532,0.0005862155,0.002922409,0.004386467,0.005749665,0.0039232913
Morgan_669,0.004098787,0.0015208333,0.02055917,0.0,0.0043953103,8.7767214e-05,0.00050372386,0.0035004967,0.00018690385,0.0038725547
Morgan_1017,0.002767363,0.001284049,0.0031142258,0.013783093,0.006025079,0.0019104797,0.00039255724,0.0022004545,0.0027071827,0.0037982762
Morgan_967,0.00032622725,0.016579308,0.009612778,0.0,0.0004917831,0.0011696772,0.00095141685,0.0025472823,0.0023154996,0.003777108
Morgan_914,0.0,0.0012562679,0.0,0.0028510229,0.014981431,3.5262903e-05,0.002402983,0.00847052,0.0033941907,0.0037101868
Morgan_92,0.00019404705,0.0011689542,0.002067934,0.0,2.1056821e-05,0.0002620344,0.003997621,0.017207649,0.0081173945,0.0036707434
MACCS_143,8.1687605e-05,0.00053116283,0.013052795,0.0,0.002325657,0.0009993453,0.008665499,0.0032917818,0.0038676437,0.0036461747
MACCS_59,0.00014790487,0.0,0.005223699,0.0,0.0038512838,0.0053259693,0.009498785,0.0027943572,0.0056588454,0.003611205
Morgan_432,0.0,0.00047457006,0.00899217,0.009209806,0.0053667487,0.00034446336,9.700368e-05,0.007639778,7.193434e-05,0.003577386
Morgan_677,1.006252e-05,0.0032737777,0.0035886865,0.008665995,0.0023167115,0.00076140964,6.20646e-05,0.013320453,0.00018640122,0.003576174
Morgan_184,0.0,0.0008154621,0.0,0.024967577,0.0001167239,0.00011062612,3.1063548e-05,0.0048889373,0.0011069624,0.0035597058
MACCS_140,0.0060323155,0.0024559526,0.01373348,0.001611113,0.0017076976,0.00056978536,0.0024016954,0.003250153,0.00027508056,0.0035596965
Morgan_164,0.0067184926,0.0036615643,0.0021524036,0.0,0.0012177785,0.0028198997,0.00036129035,0.004615959,0.010091987,0.0035154861
Morgan_790,0.0012559526,0.0019000773,0.009979879,0.0024274886,0.0011917766,0.005857541,0.0013451444,0.0038630292,0.003295212,0.0034573441
Morgan_555,0.0,5.6541583e-05,0.0,0.02793215,0.00036277107,0.00015810807,0.0018560239,8.0221e-05,0.00019962165,0.0034050485
Morgan_906,0.0,0.008747854,0.0048699696,0.004928286,0.0005178612,0.00014273103,0.0037080373,0.0076886253,2.5214931e-05,0.0034031754
Morgan_619,2.3401698e-07,0.00020075579,0.00089718145,0.0063100415,3.934467e-06,0.00019046053,0.008253621,0.01028685,0.0043264814,0.0033855066
Morgan_36,0.00046142642,0.0051002833,0.011005716,0.0,0.0034097203,0.0022732785,0.0064021624,0.001486669,0.00024269857,0.0033757729
Morgan_922,0.0,0.007088387,0.022080457,0.0,0.00010656101,3.4004028e-05,0.00018559229,0.0001061954,0.0007042045,0.0033672669
Morgan_985,0.0,0.01632573,0.0,0.0,0.0002103147,0.00044444227,4.255644e-05,0.012140747,0.0008532143,0.0033352228
Morgan_125,0.0003380036,0.00012266754,0.025896592,0.0,1.4538677e-05,6.3721505e-05,1.3255018e-05,0.0034114749,8.0361606e-05,0.003326735
Morgan_162,0.0,0.0028275007,0.0018728544,0.0,0.0031046981,0.00011087023,0.005779838,0.007879875,0.008234182,0.0033122022
Morgan_367,0.00044658416,0.014445811,0.008174032,0.0,0.0016689589,0.00033901466,0.0010496237,0.00092657213,0.0023240054,0.0032638449
MACCS_36,0.00064769597,0.0055774217,0.0,0.0,0.008875351,0.000497458,0.008334049,0.0010809331,0.004302382,0.0032572548
Morgan_946,0.00047672843,0.013307222,0.0047745304,0.0009274035,0.00082840107,0.00017678228,0.00012160974,0.0080840755,0.00045182125,0.0032387304
Morgan_225,0.0003899009,0.001189338,0.0,0.01409248,0.00025424158,0.00029620438,1.9859492e-05,0.012075926,0.00071880204,0.0032263058
Morgan_250,0.00020014354,0.0076371967,0.015269095,0.0,0.00053569424,0.00016926076,0.001714593,0.0011661953,0.0022713395,0.0032181686
Morgan_192,1.06601565e-05,0.013778049,0.0022398455,0.0,0.00047184262,0.000698184,0.008723796,0.002254479,0.00071698014,0.0032104263
MACCS_30,0.0002072826,0.0021958135,0.018188696,0.0005020806,0.00081921497,0.004151338,6.932265e-05,0.001984933,0.0006641462,0.0031980919
Morgan_318,0.001470674,0.0005097256,0.0,0.009887168,0.002478382,0.0025987795,0.0006783744,0.008711158,0.002309329,0.003182621
Morgan_122,0.0,0.0018749762,0.026104445,0.0,0.00019673642,5.5712833e-05,0.0,0.00011125287,0.0001363026,0.0031643806
Morgan_138,0.0005869882,0.00073887233,0.0,0.0,7.94453e-05,0.00090187555,0.0036582616,0.008392551,0.014067904,0.0031584331
MACCS_37,0.0,0.0018758188,0.0073782476,0.0,0.0034909928,0.0004885204,0.00408222,0.006633912,0.004211909,0.0031290692
Morgan_940,0.0,0.0017212891,0.0,0.02015449,0.0016156173,0.00035348782,0.0003211067,0.0039526294,0.0,0.003124291
Morgan_231,0.0059071584,0.0052880975,0.003567406,0.0013289095,0.00036507193,0.0014173498,0.0010187791,0.0039381566,0.0052193063,0.0031166926
Morgan_139,0.0005247525,0.0035256464,0.017291104,0.0010418956,0.0020620832,0.00056353566,0.0016720161,0.0004964831,0.0005183023,0.003077313
Morgan_924,0.00023985181,0.002586765,0.009626884,0.0068117776,0.0004780189,0.0005268108,0.0010039114,0.0057477555,0.0005785688,0.0030667048
Morgan_771,0.0,0.00079054746,0.025364613,0.0,1.2717163e-05,6.5797896e-05,0.0008493744,0.00017040623,0.00015817751,0.0030457368
Morgan_705,0.001633855,0.0019466466,0.0051475796,0.0,0.002645299,0.0020281237,0.0010514022,0.003924139,0.008799253,0.0030195888
Morgan_45,0.00044498293,0.00082782045,0.0,0.0,0.00052252796,0.00017109768,0.0029556756,0.008190464,0.013788066,0.0029889594
Morgan_461,0.0,0.00084842497,0.022966176,0.0,0.00014723146,9.6332056e-05,3.7409176e-05,0.0013646344,0.0010202677,0.0029422753
Morgan_851,8.998189e-05,0.012775701,0.009044832,0.0,0.0021617343,1.418775e-05,0.00072332076,0.001629043,3.8286557e-06,0.0029380699
Morgan_42,0.0001464898,0.010769868,0.0,0.0,0.00020609649,0.00017211794,0.00010872599,0.0071962955,0.0076070447,0.0029118487
Morgan_815,0.0006121584,0.00028330437,0.00470036,0.018174732,2.9733748e-05,5.3627915e-05,2.6337702e-05,0.0019121781,0.00021960863,0.0028902267
Morgan_191,0.00256327,0.0040773395,0.017902981,0.0005246141,0.0002807862,0.00013233532,7.7166114e-05,1.6593334e-05,0.0003167457,0.00287687
Morgan_422,0.0,0.0022475407,0.0063914913,0.0058583827,0.0001612554,2.9787638e-05,0.0,0.008185609,0.002855256,0.0028588136
MACCS_32,0.00025869918,0.0029614985,0.0043960386,0.0,0.0025790276,0.00016969892,0.012736875,5.3449112e-05,0.0022653008,0.0028245095
Morgan_322,0.00024181555,0.002088269,0.014464216,0.005294559,0.0004305998,0.00011933621,0.00058080285,0.00028060423,0.0018750821,0.0028194762
Morgan_333,8.18924e-06,0.0016704458,0.003130034,0.0,0.0015445075,0.00748135,0.010364045,0.00044127737,0.00072618504,0.0028184485
Morgan_563,0.0003235339,0.00013406533,0.013652931,0.0,0.0042798477,0.00059065234,0.00052535924,0.0024211418,0.0034365025,0.0028182259
Morgan_699,0.0,0.0025632882,0.0,0.0,4.7915208e-05,0.012325901,0.0013779151,0.005215396,0.0037983141,0.0028143032
Morgan_842,0.0086120805,0.005256321,0.00522726,0.0,0.00071229815,0.00051892106,0.00085480954,0.0027001668,0.0012080703,0.0027877698
MACCS_71,0.0039911224,0.0027899835,0.010738479,0.003304701,0.0001074079,0.00063483894,0.00056181,0.0017624185,0.001181382,0.0027857937
MACCS_56,0.0006902679,0.0012360692,0.009642194,0.00085087656,0.00088095124,0.000183972,1.8362063e-05,0.01128105,7.98512e-05,0.0027626215
Morgan_718,0.0052648834,0.0018118611,0.007523458,0.0,0.003259189,0.00018468575,0.00034761854,0.0059741978,0.0004960475,0.0027624378
MACCS_55,0.0,0.0005378852,0.0,0.0019751603,0.011090385,0.0021507714,8.7779124e-05,0.00053358736,0.008049338,0.0027138786
MACCS_57,0.00023450625,0.0015508956,0.00689978,0.0,0.0011631231,0.001995834,0.0009337108,0.009464883,0.0021421677,0.0027094334
Morgan_806,0.0037450278,0.0011209687,0.0,0.0,0.0016085111,8.451691e-05,0.006054587,0.0019023342,0.0097243525,0.0026933665
Morgan_249,1.820352e-05,0.01179978,0.008347762,0.0010130284,0.00016627682,0.0006666175,0.00041809387,0.0014013551,0.00034578986,0.0026863231
Morgan_97,0.003507661,0.009364506,0.0005451641,0.0038702446,0.00045858714,0.0019197968,0.0010677612,0.0020710602,0.0012713063,0.0026751207
MACCS_43,0.0013834761,0.0008793183,0.008467714,0.0,0.000951837,0.0054727416,0.0043838685,0.00190543,0.00040345907,0.0026497603
Morgan_794,0.0011173389,0.0010014494,0.0014131253,0.0028299813,0.000789962,0.0001862246,0.0011067142,0.003977604,0.011103728,0.0026140143
Morgan_112,0.0067376434,0.0034494004,0.0,0.0,0.00041699814,0.0011895135,0.005275712,0.0046524126,0.0017178404,0.0026043912
Morgan_4,0.0023038157,0.005322594,0.0,0.0,0.0026662196,0.00019370724,0.0005901624,0.00065023045,0.0116391275,0.0025962063
Morgan_855,3.1877844e-05,0.0022761256,0.0,0.0,0.004267569,9.165016e-05,2.9549166e-05,0.012075644,0.0044884356,0.002584539
Morgan_543,0.0,0.00019624822,0.0,0.0,0.000121492594,9.857815e-05,2.0489544e-05,0.014068069,0.008720688,0.0025806183
Morgan_814,9.375618e-05,0.0015201805,0.006160413,0.012739226,0.00010250065,0.00021297898,0.0015723244,0.000656549,0.0,0.002561992
Morgan_749,0.0,0.0011396838,0.017200973,0.0036046074,4.1455707e-05,0.0001028835,5.2604275e-05,0.00030173108,0.00032440692,0.0025298162
Morgan_458,0.000200726,0.0011169291,0.009576529,0.0,2.1449492e-05,0.00016556155,0.0017220243,0.002883044,0.007042757,0.0025254465
MACCS_35,0.00019924466,0.00024818422,0.010773484,0.0015274797,0.0010261133,0.00035050543,0.0020837134,6.84236e-05,0.006446399,0.0025248388
Morgan_691,0.00062253705,0.0010817463,0.0,0.020357057,7.850458e-05,0.0001342075,3.0072428e-05,0.00014427198,0.00025569048,0.0025226763
Morgan_360,0.00023516853,0.0052471086,0.0022202646,0.009560442,1.709862e-05,0.0011876163,0.00060711504,0.0031109932,0.00051373447,0.0025221715
Morgan_661,0.0013916132,0.0007386176,0.0008672739,0.0076642893,0.00082559715,0.0015512462,0.0008571556,0.005868275,0.0026965586,0.002495625
Morgan_573,0.0042237705,0.014415998,0.0,0.0,0.00081586675,1.428312e-05,0.00079742784,0.0014896687,0.00057537993,0.0024813775
MACCS_67,0.0,0.0003289867,0.006634102,0.0008804818,0.00039548564,0.00029142425,0.00076535915,0.00036933197,0.012665051,0.0024811355
Morgan_796,0.0,0.0042622522,0.0,0.0,0.001974161,6.770711e-05,0.0037593567,0.0001212304,0.012103345,0.0024764503
Morgan_541,0.0,0.0008178162,0.004360306,0.0,0.010680789,0.00045006684,0.0022350985,0.0027720423,0.00092509255,0.0024712456
MACCS_78,0.000574412,0.0011504353,0.0031469925,0.0,0.0037415111,0.0008900503,0.0018942528,0.007528053,0.003052916,0.0024420694
MACCS_53,0.00018547376,0.005923039,0.0043607815,0.0,0.00041566786,0.0003048719,0.0006735052,0.00621615,0.0038400164,0.0024355007
Morgan_2,0.002252056,0.004896544,0.0,0.0031804529,0.0004060094,9.2932765e-05,0.00080246734,0.0068066274,0.0034367028,0.0024304213
Morgan_16,0.0,0.0021369332,0.013039482,0.0015464965,2.0948857e-05,0.00060043595,0.0017281271,0.00045627094,0.0020876534,0.0024018167
Morgan_341,0.001109742,0.005527073,0.0,0.0,0.0005221,0.0006924821,0.0027059303,0.0010054909,0.010029198,0.002399113
Morgan_275,0.0,0.0055468907,0.006954535,0.0,9.9501216e-05,0.00034216547,0.0012472252,0.0039003496,0.0034528973,0.0023937293
Morgan_119,0.0005514856,0.015282489,0.001038499,0.0,0.0012428327,0.00031547964,0.00046295798,0.0008158933,0.0014515669,0.0023512451
Morgan_90,0.00089623476,0.007446227,0.00011436916,0.0021673942,0.0007921197,0.00092997606,0.0050594676,0.0013267449,0.0023860263,0.0023465068
Morgan_479,0.0,0.0,0.020497788,0.0,1.5733338e-05,7.0177855e-05,0.00025553562,0.00015249763,0.00012470566,0.002346271
Morgan_843,0.005880531,0.0005689384,0.0010298605,0.0,3.9403396e-05,0.000101855796,0.00046969464,0.0010401659,0.011902069,0.0023369465
Morgan_781,0.0,0.0019972818,0.011096236,0.0,0.0006183481,0.00012992075,8.565276e-05,0.006365064,0.0001717503,0.0022738061
Morgan_667,0.0011562825,0.00019880585,0.0,0.0,0.013467009,0.000100029865,0.0037366007,0.0007941768,0.0010053233,0.0022731363
Morgan_586,0.0017212491,0.00019618418,0.014102361,0.0,0.0,7.0666036e-05,0.00064719666,0.0002459208,0.0034079088,0.0022657209
MACCS_60,0.0,0.0036115872,0.0,0.0054882662,0.0004630433,0.0032041823,0.00017650839,0.0033549664,0.0038300587,0.0022365125
Morgan_487,0.0007519228,0.0060532256,0.001952912,2.9887738e-05,0.0006784686,0.00043665274,0.0024825223,0.0037110706,0.003956132,0.0022280882
Morgan_136,0.010952752,0.0007857231,0.0015366852,0.0018226244,0.0002205741,0.0006883659,0.0005068859,0.00016086684,0.0032383418,0.0022125356
MACCS_75,0.0,0.006333831,0.0057829362,0.0,0.0014090857,0.0012471617,0.0018546459,0.0010706687,0.0015452151,0.0021381716
Morgan_416,0.0,0.0011047694,0.0,0.009634992,9.021786e-05,0.00026142492,0.00038893617,0.007344667,0.0003029279,0.002125326
Morgan_892,0.00846247,0.0,0.007767898,0.0018417438,3.5422894e-05,1.9634637e-05,0.0,0.00044830912,0.00032920061,0.0021005198
Morgan_233,6.662901e-05,0.0028187232,0.0,0.0,0.008082927,0.0029919073,0.0012263416,0.0032297564,0.00040588772,0.0020913524
Morgan_1011,0.0,0.0025540923,0.0,0.0,0.00084402115,0.0009048672,0.0045425217,0.003741612,0.0062115206,0.0020887372
Morgan_484,0.006346588,0.00327047,0.0,0.0,2.7997787e-05,0.00014931303,0.00016219905,0.0015519493,0.0072572986,0.0020850906
Morgan_444,0.0023821217,0.0,0.015556032,3.9886378e-05,0.00019761137,0.00014627374,0.0,0.000112420785,0.00017894187,0.002068143
Morgan_79,0.0,0.0009171029,0.0,0.0,5.7918915e-05,0.0012059617,0.008098439,0.0070967916,0.0012007051,0.0020641023
Morgan_464,0.0054669417,0.001544152,0.0022144453,0.0,0.001161522,0.0008419908,0.0066230823,0.00019321109,0.00046086713,0.0020562457
Morgan_779,0.0,0.00025660015,0.017376319,0.0,0.0,3.0914427e-05,3.8810034e-05,0.0006582254,8.280102e-05,0.0020492964
Morgan_73,5.783174e-05,0.002093697,0.0003230362,0.0,0.007673681,0.0008066066,0.00359362,0.0028917354,0.00092013396,0.002040038
Morgan_309,0.0,0.0050789975,0.005297034,0.0,0.0018913258,8.0644844e-05,0.0006129997,0.004932097,0.00036120447,0.0020282557
Morgan_345,0.00013524565,0.00012155874,0.0034061496,0.0034304224,0.0005373901,0.0017000869,0.0029506779,0.00011955862,0.0058495314,0.0020278466
Morgan_194,0.0,1.4521486e-05,0.017702801,0.0,0.0002023477,7.520884e-05,1.4262794e-05,6.419906e-05,0.00015619541,0.0020255041
MACCS_34,0.0,0.0017204555,0.0,0.00974267,0.0041353395,0.00015048707,0.0016679509,6.3429965e-05,0.00070989784,0.0020211367
Morgan_637,0.0,0.00048309367,0.004103511,0.006295402,6.6285706e-05,1.1673374e-05,0.0,8.731088e-05,0.0069954,0.0020047417
Morgan_145,0.0001990186,0.0,0.012139657,0.0,0.00024053984,0.00061783666,0.0015550627,0.001918336,0.0012954216,0.001996208
Morgan_209,0.0,0.0,0.0031421704,0.0,0.0,5.9418482e-05,6.325546e-05,0.010714314,0.003851208,0.0019811518
Morgan_1005,0.0,0.0029189654,0.00014890873,0.0026885427,0.0028604523,0.00010184379,0.007989838,0.00074858277,0.00029374586,0.00197232
Morgan_81,0.00023725732,0.00048314122,8.335418e-05,0.0037900945,0.0061642732,0.0002381656,0.0062320773,0.00029800582,9.786469e-05,0.0019582482
Morgan_441,0.0,0.012691613,0.0,0.0,0.00123258,0.00016437493,0.0028638707,0.00015445802,0.0004307957,0.0019486325
Morgan_227,0.0,0.0031394695,0.0,0.0,0.0111575555,0.00089562277,7.284908e-05,0.0012731632,0.0009958729,0.0019482815
Morgan_852,0.0,0.0049857763,0.00017988414,0.0,0.0104858605,0.0006557617,0.00074406783,0.00021310535,7.991175e-05,0.0019271517
Morgan_204,0.00020316977,0.005586955,0.010258981,0.0,0.0006894625,4.74392e-05,0.00015012937,0.000110107976,8.2977036e-05,0.0019032469
Morgan_916,0.0035398477,0.0004097873,0.003615092,0.004471382,0.0025650468,0.00014366375,0.0,0.0019116803,0.00042860623,0.0018983452
Morgan_26,0.0,0.00069358863,0.0,0.00951496,3.7752332e-05,0.000271024,0.0041929064,0.002102917,0.00024404211,0.0018952433
Morgan_935,7.807271e-05,0.0045559173,0.0047327355,0.0,0.0016553578,0.0012540203,0.0018814981,0.000956721,0.0018910798,0.0018894891
MACCS_17,0.0009781106,0.00017244453,0.0,0.0016426229,0.0047467304,0.003165437,0.0037440048,0.00031522065,0.0022132923,0.0018864293
Morgan_913,7.1020746e-05,0.0033575709,0.0,0.00050447154,0.00014154566,0.00016548585,0.00032261718,0.0093606645,0.0028649936,0.0018653745
Morgan_809,0.0,0.0021703623,0.0,0.0,0.00018923816,0.007595226,0.0064659184,0.0001117864,0.00013790264,0.0018522704
Morgan_947,0.0,0.004354718,0.0,0.00010518729,0.00019435165,0.0006327666,0.0006539802,0.009887018,0.00065617095,0.001831577
Morgan_506,0.0,0.0006254127,0.0,0.0,0.00019100227,0.0022914317,0.0061209914,0.0070481943,0.00017513774,0.001828019
Morgan_11,0.0,0.00516205,0.006834677,0.0,0.00016200976,0.00029736868,0.0022540875,0.00019379558,0.001297613,0.0018001781
Morgan_614,0.0,0.0067288657,0.0,0.0,8.609103e-05,1.7614283e-06,0.001413048,0.0071019614,0.0008591862,0.0017989905
Morgan_899,0.0,0.00038950233,0.0058306805,0.0,1.7137507e-05,5.4071254e-05,0.0,0.007824231,0.002043285,0.001795434
Morgan_53,0.0,0.0007984981,0.0,0.0,1.7779741e-05,8.088539e-05,0.00016735392,0.0006208009,0.014384676,0.0017855548
Morgan_787,0.0015683721,0.0005737883,0.0,0.0,0.00019995094,8.3160485e-05,0.001190462,0.00012566398,0.012276256,0.0017797394
Morgan_605,0.0,0.0076997373,0.0,0.0012014423,0.002208217,0.00047212327,0.0,0.0043836567,4.4236356e-05,0.0017788237
Morgan_974,0.0001855814,0.0035697198,0.0,0.0,0.0033768015,0.00013593069,7.8328005e-05,0.0075395964,0.0010889735,0.0017749923
Morgan_939,0.0,0.0014353223,0.0034963926,0.0,0.0046964567,4.6922098e-05,0.0010195461,0.0046494254,0.0005387595,0.0017647581
Morgan_549,0.0,0.0020317032,0.00044380056,0.0,0.0004810191,0.0020807874,0.0048016105,0.0002635547,0.005752334,0.0017616455
MACCS_33,0.0014031248,0.0016643978,0.00040949334,0.0,0.0074413475,0.0003659373,0.002944874,0.00053894584,0.0010080796,0.0017529111
Morgan_734,0.0003094774,0.0014065618,0.0,0.0,0.009245155,0.00033615966,0.00368621,0.00012155129,0.00065505155,0.0017511299
Morgan_14,0.0,0.00029873257,0.00091765396,0.0,4.485533e-05,5.5168744e-05,0.0044415956,4.115628e-05,0.009875558,0.0017416357
MACCS_39,0.0012304598,0.00018441332,0.00096473604,0.0,0.012674028,0.00013309941,0.00015505734,0.00024450186,3.2505683e-05,0.0017354224
Morgan_121,0.0021560583,0.00043242882,8.96739e-05,0.0,0.0014583213,0.006657391,0.0015065685,0.0028119814,0.00047742337,0.0017322052
Morgan_792,0.0028247992,0.00013561058,0.0,0.0,0.0004604176,0.003246808,0.007177568,0.0010328096,0.0006890549,0.0017296742
Morgan_803,0.0,0.006404127,0.0,0.0051440154,0.00096528686,0.0018971699,0.00046799736,0.00030306724,0.000248537,0.0017144668
Morgan_15,0.0,0.0007615327,0.011707064,0.0,0.00030439545,0.00020940592,0.00069665175,0.00046792155,0.0012739159,0.0017134319
Morgan_325,0.005720243,0.0012174193,0.0051751067,0.0,0.0011521429,0.00024190023,0.00033934816,0.0011969463,0.00036655442,0.0017121844
Morgan_816,0.0,0.0010823171,0.008840042,0.0,0.00032282228,0.00021098922,0.0016477198,0.0013771905,0.001816168,0.0016996943
Morgan_707,0.012861624,0.00011163331,0.0,0.0,0.0014791169,0.00012598971,0.0,6.0912877e-05,0.00044290145,0.0016757976
Morgan_25,0.0004590131,0.003461912,0.0,0.0,0.0035426882,0.00034507414,0.0003786928,0.006095113,0.00063707196,0.0016577295
Morgan_423,0.0,0.00084420294,0.0039721723,0.0,2.7113598e-05,3.392741e-05,0.0062760864,0.000494372,0.0031638313,0.0016457451
MACCS_58,0.0,0.0,0.0031935172,0.000782573,0.0033266,0.0006704248,0.0020833637,0.00027044877,0.0044554006,0.001642481
Morgan_425,9.873796e-05,0.002103033,8.812738e-05,0.0005354885,0.003023069,0.0011906059,0.0015062393,0.00097384263,0.005189485,0.0016342921
Morgan_123,0.00020569118,0.00012441573,0.013785872,0.0,8.5105974e-05,3.7069985e-05,2.8889832e-05,0.00032158778,0.000118516444,0.0016341277
Morgan_724,0.0,0.004721516,0.0,0.0,0.0013017397,0.00042225272,0.0014990383,0.0003845834,0.006357171,0.0016318113
MACCS_50,1.25921e-05,0.00018831382,0.0,0.0007046418,0.00013406378,0.00047627863,0.009296174,0.0025686906,0.001292403,0.0016303508
Morgan_710,0.012920581,0.00052098365,0.0,0.0,1.0242297e-05,5.3606804e-05,3.9634626e-05,0.0009122513,0.00012202396,0.0016199248
Morgan_917,0.0,0.0013034254,0.0,0.0,0.0047440403,0.0001125999,0.008153242,0.00010438245,0.00013794772,0.0016172931
Morgan_547,0.0,0.0042154943,0.009100698,0.0,0.00077886175,0.00012822304,0.0,0.00013965192,6.475577e-05,0.0016030759
Morgan_664,0.000524107,0.001954484,0.0025520606,0.008202798,0.00011285002,2.3869405e-05,0.00014314624,0.00028970616,0.00055483833,0.0015953179
Morgan_730,1.8871317e-05,0.0022899292,0.0,0.0,0.00018189554,0.0002785179,0.001480695,0.00059572514,0.009378916,0.0015805055
Morgan_785,6.386335e-05,0.00038693775,0.012747411,0.0,0.00020982638,9.947025e-05,8.097441e-05,0.00029847305,0.00032555152,0.0015791674
Morgan_937,0.0,0.002047054,0.010726573,0.0,8.010831e-05,9.163816e-06,3.972855e-05,2.3073888e-05,0.0012329714,0.0015731859
Morgan_401,0.0,0.0018459699,0.009913208,0.0,0.00019167658,7.805208e-05,5.4585536e-05,0.00053036766,0.001518264,0.0015702359
Morgan_558,0.0,0.0012075994,0.00243096,0.0,0.00039140624,0.0013309296,0.0048283227,0.0035358958,0.00035855523,0.0015648522
Morgan_427,0.0,0.0003517897,0.00069751265,0.00940149,0.0,4.4690296e-05,0.0,2.83439e-05,0.003530672,0.001561611
Morgan_148,0.0,0.0012369395,0.00041200066,0.011716634,2.2749804e-05,7.7096e-06,0.00026414506,0.00031901497,4.6459754e-05,0.0015584059
Morgan_716,0.0003649923,0.0005989977,0.012529568,0.0,7.173144e-05,1.2051363e-05,4.551542e-05,6.9986476e-05,0.00030343508,0.0015551419
Morgan_1009,0.0016317178,0.0008651647,0.0,0.0,0.00018042808,0.0018810862,0.00014848511,0.008264392,0.0009161112,0.0015430427
Morgan_799,0.00020457675,0.00033379957,0.0061627454,0.0,0.00089399837,0.000110515175,0.00016533516,0.0056999493,0.00018249755,0.0015281574
Morgan_673,0.0,0.00076056534,0.00592301,0.0,0.00044458985,0.0002053617,5.2547955e-05,0.0014498043,0.0048416485,0.0015197253
Morgan_831,0.0034085969,0.0019486377,0.0,0.0,0.0028588076,0.0005183864,0.0007678807,0.00095704955,0.0032141586,0.0015192798
Morgan_352,0.0,0.011567777,0.0,0.0,0.0002689363,0.00020083501,0.00018168881,0.0011267861,0.0003178536,0.0015182085
Morgan_524,0.0,3.885806e-06,0.0057541905,0.005383551,0.00051043916,5.3275025e-06,0.0011546285,0.0005829784,0.00026402844,0.0015176699
Morgan_137,0.00025962444,0.000753602,0.00046974455,0.0,3.2644784e-05,0.0015326666,2.6884592e-05,0.0001667743,0.010409975,0.0015168797
Morgan_890,0.0053224834,0.0026152877,0.0,0.0020464524,0.00046412254,0.00026938738,0.00090450735,0.0010085977,0.0009210443,0.0015057647
Morgan_406,0.0,0.0019582745,0.003148464,0.0,0.0057348968,0.000315562,0.00042400797,0.0010659563,0.0008151011,0.001495807
Morgan_751,0.0,0.0015383688,0.006063059,0.0,0.0002896648,0.00025663507,0.0014146629,0.002839596,0.0010295123,0.0014923888
Morgan_945,0.0,0.0,0.0,0.0,0.0033482192,0.00018576122,0.001162613,0.006479879,0.0022291313,0.0014895116
Morgan_207,0.0,0.0010998397,0.007943363,0.0029470078,0.0006961753,8.732219e-05,1.0434892e-05,0.0001865851,0.0002614756,0.0014702447
Morgan_215,0.0,6.756951e-05,0.0038317535,0.0059016044,0.0027815169,2.176792e-05,2.5445514e-05,0.00037458396,0.00017103825,0.00146392
Morgan_838,5.695233e-05,0.005258643,0.0048164735,0.00092283095,0.0011476255,0.00034827628,4.653944e-05,0.0002676465,0.00028775842,0.0014614161
Morgan_84,0.007839112,0.0006064472,0.0,0.0012478705,0.0008385746,0.00022895855,3.487691e-05,0.0011336625,0.0011331133,0.0014514017
Morgan_767,0.0,0.0039614625,0.0,0.0023730597,0.0026746206,0.0004928457,0.0019343125,0.00017255939,0.0014440443,0.0014503228
Morgan_770,0.00012965102,0.0010002492,0.0,0.0032981138,2.2039134e-05,0.00020191532,5.1743824e-05,0.0001644317,0.008162738,0.0014478758
Morgan_621,0.0,0.003932584,0.0,0.0070765447,0.0010579642,0.00030339404,4.8615304e-05,0.00020733183,0.00039041194,0.0014463163
Morgan_583,9.848933e-05,0.0021687779,0.0,0.0,0.00093861663,0.00018919515,0.0077195577,6.635061e-05,0.0017806339,0.00144018
Morgan_801,0.005940533,0.0014131494,0.0,0.0,6.401907e-05,0.00050025503,2.4413028e-05,0.004398375,0.0005913368,0.0014368979
Morgan_753,0.0,0.00021270142,0.00987757,0.0,0.00063276885,9.163533e-05,3.7812664e-05,0.0003690917,0.0016569919,0.0014309523
Morgan_837,0.0,0.0009362862,0.0,0.0,0.0014583829,9.362326e-05,0.0,0.0028866003,0.007485233,0.0014289027
Morgan_202,0.00019042619,0.0017045683,0.004912189,0.0,0.0016242673,7.7503384e-05,0.00027006053,0.0036367802,0.00039136512,0.0014230178
MACCS_61,0.0,0.003804257,0.0,0.0013242357,0.00027424266,0.00017243864,0.0056134146,0.0,0.0015426177,0.0014145785
Morgan_692,0.0011787885,0.0056236237,0.0019892033,0.0,0.002088923,0.00010065625,0.0012697212,0.0002624304,0.00021386685,0.0014141349
MACCS_40,0.00040348573,0.00036650663,0.0074339374,0.0,0.0029646836,1.7148195e-05,0.0,0.0014847266,1.8725563e-05,0.0014099126
Morgan_523,0.0,0.0003776556,0.0035279414,0.00057296705,0.0,0.00019496806,0.00013668562,0.0071220743,0.000693863,0.0014029061
Morgan_77,0.0,0.00044787646,0.0002903456,0.0,5.9008416e-05,7.451289e-05,0.011209844,0.00016597078,6.6032175e-05,0.0013681767
Morgan_540,0.0,0.0012622623,0.0,0.0,0.00013653177,0.00021612072,0.00027930544,0.009072925,0.0013133454,0.0013644989
Morgan_690,0.0,0.0017536172,0.0,0.0,0.0069528515,0.0012278066,0.0021175984,0.00016539065,5.8523106e-05,0.0013639764
Morgan_383,0.0,0.00029693887,0.0005964577,0.005902485,0.00016538972,0.00018919152,0.00012862115,1.1819886e-05,0.0049180444,0.0013565498
Morgan_143,0.0,1.583449e-05,0.006588585,0.0,0.0001502873,0.00023268154,0.0017722908,4.7285732e-05,0.0032341727,0.0013379043
Morgan_384,0.0,0.0,0.00044597386,0.00078558014,0.00080671656,4.4994886e-05,7.4560394e-06,0.008444301,0.0014327699,0.0013297547
Morgan_144,0.00011164894,0.00088107993,0.0031176535,0.0,0.001361761,0.000356405,0.0010244477,0.004596206,0.0003586532,0.0013119839
Morgan_508,0.0,0.0009119817,0.010636064,0.0,1.7509163e-05,7.238291e-05,4.5731555e-05,8.611615e-05,0.0,0.0013077541
Morgan_396,0.0,0.0033658894,0.0,0.006688104,0.0005843939,6.729295e-05,1.7793029e-05,0.0009785541,5.3571814e-05,0.0013061776
Morgan_117,1.3214159e-05,0.0033924193,0.0024045508,0.0026681863,0.0008573811,0.0006035839,0.00082266895,0.00021284985,0.0007775127,0.0013058186
Morgan_252,0.0,0.00087817863,0.00975241,0.0,0.00017959275,2.5293168e-05,2.901917e-05,0.00010417695,0.0007691995,0.0013042078
Morgan_305,0.0,0.0046225167,0.0011308913,0.0,0.00066348596,0.00014875429,0.0005983166,0.002994203,0.001517212,0.0012972645
Morgan_171,0.0051128543,0.0015237612,0.0008442091,0.0,0.00022842827,9.254298e-05,0.00017636991,0.0034697242,0.000179176,0.0012918962
Morgan_110,0.0,9.7090946e-05,0.0,0.0,0.00844284,0.000581691,2.9850327e-05,0.0023224289,0.00014458197,0.0012909427
Morgan_116,0.0,0.003207568,0.0,0.0036601198,0.0019101034,0.0001952545,0.0001593773,0.0019330726,0.0005470524,0.0012902832
Morgan_834,0.0,0.000360491,0.008871886,0.0013775346,0.00027421833,1.3734203e-05,0.0,0.0005642964,0.0,0.0012735735
Morgan_18,0.0007111591,5.0813e-05,0.010301579,0.0,9.749948e-06,5.2591015e-05,9.397104e-05,5.435884e-05,0.0001877828,0.001273556
Morgan_955,0.003569881,4.412421e-05,0.0071252696,0.0,0.0004623499,1.8820818e-05,1.1880818e-05,4.1567688e-05,8.39546e-05,0.0012619832
Morgan_808,0.0,0.0002800698,0.0,0.0016789202,0.008217898,0.000623079,0.00030241357,0.00014081676,0.00010398506,0.001260798
Morgan_528,0.0011539962,0.0031835104,0.0049042,0.0017529838,6.7657835e-05,1.0654982e-05,0.0,1.5372261e-05,0.00022545275,0.001257092
Morgan_230,0.00010927893,0.0028107269,0.0008079468,0.0005500674,0.00020570737,5.1728613e-05,0.0010196196,0.002894522,0.0028277861,0.0012530426
Morgan_285,0.0011731307,0.0011208127,0.0068514235,0.0,0.00036187877,8.7633794e-05,0.00021764109,0.0004954542,0.0008976004,0.0012450638
Morgan_591,0.0,0.00077155285,0.0,0.0,0.0018936072,0.00015787958,0.0021321513,0.003734493,0.0024601538,0.0012388709
Morgan_193,0.0,0.00015562389,0.0,0.0,0.0,5.0133847e-05,8.8413246e-05,0.0035251232,0.0073020617,0.0012357063
Morgan_954,0.0,0.00047370067,0.0063366303,0.0,2.7173639e-05,0.00011267992,2.2426526e-05,0.002334509,0.0017470199,0.0012282378
Morgan_759,3.6799476e-05,0.002947406,0.0,0.0,8.376993e-05,0.00017689167,0.0015171916,6.488072e-05,0.0061308006,0.0012175267
Morgan_592,9.875737e-05,0.0004586944,0.008852086,0.0,0.000110054956,0.00018097462,0.00039997234,0.00020486367,0.0006011857,0.0012118432
Morgan_342,0.00039914052,0.0003306628,0.00059623184,0.0051143602,0.0013008765,0.00037174716,0.0018500105,0.0002875601,0.0006168471,0.001207493
Morgan_960,0.0,0.0054772818,0.0,0.0003412502,0.00065537874,0.0002818358,0.00018639369,0.0034522533,0.00046878352,0.0012070197
Morgan_34,0.0006993479,0.00033115168,0.009132225,0.0,7.610602e-05,9.885925e-05,1.4583163e-05,0.00014446561,0.00022485775,0.0011912885
Morgan_956,0.0,0.0013828228,0.0037073693,0.0004584356,0.0005638778,0.00033992584,0.00010868438,0.0009281676,0.0032221256,0.0011901566
Morgan_482,0.00097212923,0.000572647,0.0043833563,0.0,0.0026183424,0.00049422047,0.00069784163,0.00023658384,0.0007328671,0.0011897765
Morgan_490,0.00040425602,8.134713e-05,0.0,0.008667575,3.152104e-05,0.00011878992,0.00069566106,0.00044504134,0.00021299739,0.001184132
Morgan_481,0.00020500876,0.0007875045,0.0,0.004960281,0.00015758186,3.083843e-05,0.00081606716,3.5164358e-05,0.0035655145,0.0011731067
Morgan_216,0.00011768348,0.0029005727,0.0,0.0,0.0010575139,0.002190992,0.00037643116,0.0037264458,0.00015267037,0.0011691456
Morgan_500,0.0,4.23136e-05,0.0,0.0,0.002601727,6.643983e-05,0.0,0.00033330315,0.007478211,0.0011691105
Morgan_261,0.0,0.0010659976,0.0,0.00453552,0.00012914106,7.325298e-05,0.00020326815,0.0042913905,0.00020732977,0.0011673223
Morgan_953,6.7079345e-05,0.0039716316,0.0,0.0042284387,0.0009507307,0.0001535911,0.00036694767,0.00074248586,2.0250924e-05,0.0011667949
MACCS_25,0.0009222857,0.00019712707,0.0,0.0,2.2011345e-05,0.00020126965,0.003187876,0.0013503662,0.0045990627,0.0011644443
Morgan_825,0.0,0.00021784501,0.001358641,0.00705589,0.0004989435,0.00013224894,1.8802695e-05,0.00021330995,0.000931659,0.0011585933
Morgan_512,0.0,0.00055567065,0.005148183,0.0,0.0006347393,0.00018575849,0.0019720648,0.00077452936,0.0011125149,0.001153718
Morgan_200,0.007824837,0.0008545603,0.0,0.0,0.00020256081,7.695963e-05,9.4974435e-05,0.0003677407,0.000905192,0.001147425
Morgan_948,0.0,0.001689795,0.0,0.007928332,5.3364987e-05,3.2792905e-05,1.3065585e-05,0.00032399638,0.00017453921,0.0011350984
Morgan_102,2.9552708e-05,0.0040227743,0.0,0.00042464965,5.5188593e-05,0.0001055673,0.0044211242,0.00041326584,0.00072007783,0.0011324668
Morgan_386,2.4005478e-05,0.0011091313,0.005536361,0.0,0.0008726055,0.00034830882,0.001719959,0.00012868615,0.00043171292,0.0011300857
Morgan_910,0.0,0.0031035582,0.0,0.0,8.452314e-05,0.00029129506,0.0006050328,0.004429254,0.001548153,0.0011179796
Morgan_622,0.0,0.0018827365,0.0,0.0,0.0013836586,0.00024090268,0.00012189152,0.006366766,4.202292e-05,0.001115331
Morgan_958,0.0,0.00035800875,0.00014434454,0.0,0.008332243,3.1067128e-05,0.0008659921,7.2950475e-05,0.00022225469,0.0011140957
Morgan_496,0.00017546827,0.00069512357,0.0,0.007974112,0.00032064723,3.889686e-05,0.0003589452,0.00021082588,0.00023486883,0.0011120986
Morgan_888,0.00041733606,0.0055520455,0.0,0.0,0.0008461682,0.00036028758,0.0018321583,0.00026840979,0.0007104769,0.0011096536
Morgan_319,0.0035055608,0.00063648756,0.0006693948,5.6305238e-05,1.502785e-05,0.00051316275,0.0004619675,0.00095105555,0.0031394938,0.001105384
Morgan_473,0.0,0.002123427,0.0035271705,0.0,3.284907e-05,4.078125e-05,3.4335095e-05,0.0033674408,0.0008139463,0.0011044389
Morgan_886,0.0,0.0002256201,0.0,0.0013733013,0.004089376,5.6172514e-05,0.0015985218,0.00045327743,0.0020469583,0.001093692
Morgan_534,0.0,0.0007996796,0.008674021,0.0,4.1919877e-05,3.005124e-05,1.0430612e-05,7.510846e-05,0.00016657825,0.0010886431
Morgan_13,0.00018924777,0.0012986035,0.00085564144,0.003619091,0.0005459671,0.00101587,0.0011636266,0.00087169843,0.00022790609,0.0010875168
Morgan_557,0.0,0.0021482382,0.0065305084,0.0,7.400846e-05,0.0001847501,7.261033e-05,8.592309e-05,0.0006406611,0.0010818555
Morgan_747,4.97553e-05,0.00041519097,0.0,0.0,0.00012886312,0.0062834346,0.00234253,0.0002790863,0.00019827796,0.0010774598
Morgan_777,0.0,0.0005519456,0.0062096817,0.00015624586,0.0027016154,1.7004413e-05,0.0,9.98021e-06,8.810047e-06,0.0010728092
Morgan_744,0.0,0.00014071578,0.009052529,0.0,7.3957235e-05,0.00015079606,2.0958174e-05,0.00015774825,4.9326783e-05,0.0010717813
Morgan_590,0.0,0.003662217,0.0045331568,0.0003235034,0.0,4.207709e-05,0.00012663336,0.00034415865,0.0005596629,0.0010657122
Morgan_315,0.0,0.00071633176,0.0,0.0,0.00015973818,0.00017189248,0.006558342,0.0012623144,0.00047440236,0.0010381135
Morgan_575,0.0,0.00035460552,0.0076420233,0.00091664225,2.6376809e-05,8.9497575e-05,6.534252e-05,9.971793e-05,0.00014128549,0.0010372768
Morgan_927,0.0,0.007623304,0.00071825436,0.0,0.00011522476,0.0001015468,6.595514e-05,0.0005508397,0.0001569453,0.0010368968
Morgan_236,0.00025053098,0.00014324624,0.0077278274,0.0,0.000118461336,6.887462e-05,6.682012e-05,0.00074479834,0.00017363693,0.0010326885
Morgan_420,0.0003009129,0.00082106754,0.005368404,0.0,0.0004190327,0.00019272434,0.0,0.0019240788,0.0002163263,0.0010269496
Morgan_57,0.0008718563,0.00016327725,0.0063741067,0.0,0.0004059253,0.00035177617,0.00065609784,0.0002569441,0.000118412645,0.0010220441
Morgan_640,0.0,0.000674833,0.0,0.0070260963,1.4155088e-05,8.68539e-05,0.0,0.00043170375,0.0009567662,0.0010211566
Morgan_562,0.00014224317,0.00024014787,0.005702474,0.0,0.00015501097,0.00015628271,0.00014322935,0.0009542175,0.0016113372,0.0010116603
Morgan_551,0.0,0.0009883724,0.006446859,0.0,0.0,2.4813633e-05,0.00019086686,0.00038846864,0.0010416147,0.0010089994
Morgan_349,0.0,0.00014557158,1.14366085e-05,0.0,1.6973971e-06,0.00011825718,0.002230074,0.0003442813,0.0061880215,0.0010043711
Morgan_740,0.00015412374,0.0013431187,0.0,0.0,2.6791391e-05,0.0008395828,0.0017973884,0.004194076,0.00063298625,0.0009986742
Morgan_863,0.0,0.00030443858,0.0021859042,0.0001894081,0.0013931732,0.001253323,0.0002608763,0.0033407633,5.4993332e-05,0.0009980979
Morgan_828,0.0,0.0010294801,0.002132634,0.0019719377,6.833079e-05,1.9944784e-05,4.9453458e-05,0.0021408114,0.0014872764,0.0009888742
Morgan_585,0.0,0.00044878555,0.0,0.004231465,0.00016373677,0.0002115895,0.0018279164,0.00019832051,0.0018160751,0.0009886543
Morgan_652,0.0,0.0007866309,0.0,0.0,3.0859657e-05,0.00069463823,0.0028602711,0.00047815515,0.004040968,0.000987947
Morgan_628,0.00010546037,0.0015752267,0.0008397164,0.0053345626,0.00018590833,7.0637716e-06,1.068999e-05,0.00075395347,8.915336e-07,0.0009792749
MACCS_19,0.0,0.00016715113,0.0031979608,0.0,0.0005414208,0.00019831052,0.00019515991,0.004322538,0.00017780942,0.0009778168
Morgan_700,0.0,2.858862e-05,0.0011412706,0.002657385,0.0004920787,0.002304237,0.00057082105,9.0589965e-05,0.0015038635,0.00097653724
Morgan_10,0.006409336,0.000277661,0.0,0.0015328912,2.9292125e-05,0.00015083438,3.0785555e-05,0.0002958269,6.151455e-05,0.0009764602
Morgan_255,0.0019462879,0.0025515992,0.0,0.0,0.00079936476,0.00026013493,0.00062972086,0.0017804144,0.0008142681,0.0009757545
Morgan_284,0.0,0.00094275305,0.001997548,0.0005733817,0.00012660697,0.00011528869,0.00010655593,0.0001715904,0.004738422,0.000974683
Morgan_165,0.0,0.00036091474,0.0002815183,0.0,0.0035859954,1.9573954e-05,0.00019503618,0.00030054973,0.003992328,0.0009706574
Morgan_343,0.0014123429,0.0003866616,0.0040942077,0.0,0.000807074,0.0003608503,9.146277e-05,0.00055047544,0.0010148265,0.0009686557
Morgan_366,4.4528433e-06,0.0016586776,0.0,0.0,0.0011014121,0.0003428618,0.0010873794,0.0018714811,0.0026471603,0.00096815836
Morgan_276,0.0,0.00017129141,0.0020222915,0.0020651256,0.0002590399,1.8615681e-05,2.558191e-05,0.0017969074,0.0022734704,0.00095914706
Morgan_189,0.00031464145,0.00017111257,0.005045037,0.0006435099,0.00029888892,0.000100997255,0.0010271505,0.0002571251,0.0006732323,0.0009479661
Morgan_245,0.0038967973,0.0006457113,0.0033256942,0.0,0.0,0.00023653172,1.4980197e-05,0.00024072047,0.00014014903,0.0009445094
Morgan_329,0.0,0.00045940225,0.0013083267,0.0052728304,0.00068057294,5.2290092e-05,0.00026792803,0.0002278586,0.00014655445,0.0009350848
Morgan_901,0.0,0.0002053235,0.0072366563,0.0,2.9606039e-05,5.180694e-05,0.00077997637,8.175197e-05,1.5444617e-05,0.00093339634
Morgan_857,0.0,0.0009663674,0.0029840174,0.0,1.5143873e-05,0.0002849494,0.0007815087,0.0018533682,0.0014711893,0.0009285049
Morgan_470,0.0,0.00057144376,0.0,0.006550761,5.862421e-05,1.3216083e-05,4.2752687e-05,0.00100769,9.5811076e-05,0.0009266998
MACCS_54,0.0011918602,0.00061797566,0.0,0.0,0.0024265067,0.00040537704,0.0023604585,0.00043609322,0.0008600657,0.0009220375
Morgan_738,0.0015463047,0.00052219286,0.0,0.0,0.00034942554,0.00044352104,0.0018638222,1.50904e-05,0.0035334546,0.00091931236
Morgan_721,0.0,0.0,0.006434611,0.00034018472,0.00027711273,7.366319e-05,1.0776069e-05,0.00086103386,0.00025569636,0.00091700867
Morgan_961,0.00016320334,7.778316e-05,0.0010631626,0.0,0.0002856522,8.455805e-05,0.0009152158,0.0015735562,0.0040512937,0.00091271393
Morgan_166,0.0,0.000113139824,0.007884997,0.0,0.0,2.4066223e-05,6.933003e-05,4.4742395e-05,2.5363184e-05,0.0009068489
Morgan_623,0.0,0.00035325115,0.00083541265,0.0,0.0007228933,0.00012466595,0.00016699404,0.004857867,0.0010730944,0.00090379757
Morgan_885,0.0,0.005815824,0.0,0.0,0.00015627939,7.34976e-05,4.7091482e-05,0.0007557997,0.0012228367,0.0008968143
Morgan_909,0.0,3.708991e-05,0.00041809698,0.004070419,2.9013387e-05,0.0001130734,0.0007606957,0.0012762435,0.0013296965,0.00089270313
Morgan_354,0.0,0.0010654811,0.0041916193,0.0009942575,2.586395e-05,0.0001630357,0.00026151215,0.0009170477,0.00037109517,0.00088776805
Morgan_273,0.0,0.0016366539,0.0,0.0,0.000100669,0.0015429173,0.00039278402,0.0029375565,0.0013685717,0.0008865725
Morgan_539,0.0041482677,0.00051009137,0.0,0.0,0.00090829114,0.00010128299,0.00022586373,0.0018682432,0.00019972793,0.00088464096
Morgan_929,0.0,0.0009336464,0.005684618,0.0,0.001096427,7.59174e-06,0.0,0.00016770932,2.2553113e-05,0.0008791717
Morgan_884,0.00014132351,0.00016812829,0.00086879986,0.0,0.00024436484,0.00018580652,4.8860587e-05,0.0008622483,0.005384678,0.00087824557
Morgan_672,0.0,0.00036191885,0.0021095602,0.003334841,0.00013927631,0.00016638446,0.0002367702,0.0013077965,0.00023556399,0.0008769014
Morgan_232,0.0,6.5924425e-05,0.0061761336,0.0006674495,0.00034204623,3.0986834e-05,2.8154907e-05,0.00032668884,0.00022408477,0.00087349664
Morgan_980,1.2482009e-05,0.0018642223,0.0,0.0,0.0019440015,0.0005951312,0.0008630606,0.0016386199,0.00091027876,0.0008697551
Morgan_408,0.0,0.0,0.0074448423,0.0,0.0,2.0137892e-05,5.7178727e-06,0.00023626498,8.2623694e-05,0.0008655096
Morgan_248,0.0,0.00034487576,9.3394876e-05,0.0050436677,1.5959838e-05,9.671104e-05,0.0012975148,0.0004142688,0.0003145773,0.00084677443
Morgan_594,0.0015029003,0.00010675822,0.0,0.0,6.252811e-05,3.360701e-05,4.901147e-05,0.00494915,0.0008974454,0.0008446
Morgan_739,0.0021578984,0.0035098095,0.0,0.0,0.00024528016,7.645446e-05,0.0002054344,0.0004957918,0.0008621605,0.0008392033
Morgan_394,0.0,0.0050692577,0.0,0.0,6.8213362e-06,6.2673105e-05,0.0,0.001159616,0.001123462,0.0008246477
Morgan_474,0.0,0.00022758936,0.0,0.0,1.2760921e-05,7.0115326e-05,0.0032305706,5.3082833e-05,0.003783173,0.00081969914
Morgan_256,0.0024427061,0.00028189682,0.0,0.0025069516,0.00022745263,8.97614e-05,0.00094725756,0.0008418735,0.0,0.0008153222
Morgan_130,0.0,0.00030526862,0.0,0.0,0.000109547036,0.0006750219,0.0008777262,0.0049350443,0.00038855217,0.00081012887
Morgan_600,0.0,3.6939724e-05,0.0018586906,0.0,0.004448076,5.0140505e-05,0.0,0.00028028808,0.00057697156,0.0008056785
Morgan_65,0.00025160695,0.00261204,0.0,0.0,0.0018612043,0.00018191774,0.0010976301,0.0007775397,0.0004422547,0.0008026882
Morgan_190,0.0,0.0037282275,0.0,0.0,0.00038189246,2.835106e-05,0.00037709673,0.000110070825,0.0025637946,0.0007988259
Morgan_323,0.0,0.00039563587,0.0,0.0051424364,0.00014045247,7.2638315e-05,0.00014694089,0.0007242146,0.00054010446,0.00079582474
Morgan_235,0.00012554362,0.0009766747,0.00055155373,0.0036592737,0.0008473494,8.4983396e-05,4.6935507e-05,0.00054396375,0.00032120614,0.00079527596
Morgan_23,0.0,1.4562793e-05,0.003939015,0.0,8.2193124e-05,0.00018812595,0.00063989864,0.0015078316,0.0007813136,0.0007947711
Morgan_675,0.0002150551,0.0014562072,0.0,0.0,0.00027587544,0.0009758862,0.00024289542,0.0019499772,0.0020029559,0.0007909836
Morgan_95,0.0,5.21558e-05,0.005685047,0.0,1.5892849e-05,0.00012199334,0.00096366584,0.000121367455,7.223401e-05,0.00078137295
Morgan_932,0.00063070736,0.00091991585,0.00079543353,0.0,0.0001461367,0.00017894314,0.00015100838,0.0004758572,0.0036906607,0.0007765181
Morgan_736,0.0,0.002370519,4.7273435e-05,0.0,0.0004857306,0.0011025488,0.0015112521,0.0004836048,0.000972359,0.00077480974
Morgan_463,0.0,0.0006326773,0.0039688176,0.0001946233,0.000533409,0.0003433484,0.00017585739,0.0006676152,0.00044784485,0.0007737992
Morgan_593,0.0,0.0,0.0042228503,0.0,0.00022662041,5.013946e-05,6.3392814e-05,0.0016692987,0.0007088962,0.0007712443
Morgan_720,0.0,0.00016142997,0.005316518,0.0,4.9011514e-06,2.4138684e-05,3.171746e-05,0.0005973518,0.00076846307,0.0007671688
Morgan_762,0.0,0.00034208098,0.0061498433,0.0,1.5243514e-05,3.363112e-05,0.00024860151,9.280991e-05,1.979916e-05,0.0007668899
Morgan_281,0.0,0.00028987677,0.00058506173,0.0,0.0,0.00017275134,0.000105973966,0.005705464,1.9057483e-05,0.00076424284
Morgan_830,0.0,0.00019184472,0.0013475572,0.0,0.0010030332,4.4432214e-05,0.0036099826,0.00051145116,0.00014219855,0.0007611666
Morgan_201,0.0,0.0014119062,0.004579998,0.0,4.580147e-06,9.611356e-05,0.0001381749,0.00011026567,0.00043753217,0.0007531745
Morgan_579,0.0,0.00056441507,0.0,0.0,3.7165326e-05,0.00026192545,0.00012500421,0.0030955002,0.0026535762,0.00074862066
Morgan_277,0.0,0.0006708762,0.0009348712,0.0,0.00033738458,5.3215776e-05,3.200795e-05,0.0023257004,0.00237089,0.0007472162
Morgan_641,0.0,0.00020833209,0.0,0.0,7.0352755e-05,0.00012477879,7.226651e-05,0.0045994073,0.0014868418,0.00072910887
Morgan_495,0.0,0.0012415985,0.0,0.0,0.0040450427,6.5243505e-05,0.0009977169,7.72969e-05,0.00010115432,0.0007253392
Morgan_703,0.0,0.0035781628,0.0,0.002588482,6.8424786e-05,3.87666e-05,4.3496068e-05,0.00010946619,8.442777e-05,0.0007234696
Morgan_471,0.0,0.00067093456,0.0,0.0,0.0023516058,2.0835134e-05,0.00047435783,4.7570556e-05,0.0029237545,0.0007210064
Morgan_546,0.0,0.0024449732,0.0,0.0035020784,1.0122623e-05,2.4560673e-05,2.7447833e-05,1.1868539e-05,0.00046265704,0.000720412
Morgan_300,0.00016818845,0.0023554617,0.0,0.0,4.319465e-05,0.00015235847,0.00041531402,5.66084e-05,0.0032825829,0.000719301
Morgan_160,0.0,0.00042260325,0.0,0.0,0.00050692516,4.048174e-05,1.5074128e-05,0.004678427,0.0007584004,0.0007135457
Morgan_501,0.0,8.2357205e-05,0.0038268047,0.0,0.00045812735,0.00015945917,0.0,0.0012243413,0.00065391546,0.00071166724
Morgan_606,0.00010597056,0.0003033434,0.0,0.00181472,9.820266e-06,4.974606e-05,0.0,0.002577818,0.0015159557,0.0007085971
Morgan_185,0.0,0.00206511,0.0,0.0,3.9261075e-05,0.00017213591,6.3329295e-05,0.00034988314,0.0036444922,0.0007038013
Morgan_63,0.0,0.003342273,0.00034942653,0.0,0.00046302401,0.00047211503,1.2263314e-05,0.0009030584,0.00073195755,0.0006971241
Morgan_362,0.001274379,0.00086158724,0.00029397372,0.0017255064,0.0005865295,6.951761e-05,0.0005331644,0.00057843415,0.00034230726,0.0006961555
Morgan_713,0.0007756392,0.0013463484,0.0,0.0,0.001137685,0.00027026367,0.000104161474,0.0015587262,0.0010492237,0.00069356087
Morgan_520,0.0,2.639572e-05,0.0012799873,0.0,7.215618e-05,6.875036e-05,0.0004703113,0.00064437336,0.0036474762,0.00068993896
Morgan_963,0.0,8.1023296e-05,0.0006789074,0.0,0.0,0.00018010016,0.00294229,5.3421477e-06,0.0023172214,0.0006894316
Morgan_448,0.0,0.000434788,0.0038470423,0.0,0.0011090321,0.00016944819,0.0004750863,7.541529e-05,8.47898e-05,0.00068840024
Morgan_335,0.0,0.00064032874,0.0047254385,0.0,4.4947217e-05,0.0002277567,0.00037966485,0.00011936452,4.1969524e-05,0.0006866078
Morgan_515,0.0,0.00032173155,0.0,0.0044087814,0.0,6.143701e-05,1.55152e-05,7.039888e-05,0.001286718,0.0006849535
Morgan_971,0.0,0.00058502646,0.0,0.0013413128,0.0030914003,2.2883545e-05,0.0,7.905571e-06,0.0011070737,0.00068395585
Morgan_155,0.0,0.0054695024,0.0,0.0,5.0516825e-05,0.00015899986,6.6497732e-06,0.00014862516,0.00030790767,0.0006824669
Morgan_150,0.0,6.0905277e-05,0.0012653999,0.0,5.067746e-05,0.00061989005,0.0023564037,0.00025885552,0.0015198957,0.0006813364
Morgan_213,0.0,0.00030417388,0.0,0.0042041615,2.6473333e-05,3.7277663e-05,0.0012092061,3.3948654e-05,0.000109932516,0.00065835257
Morgan_270,0.0,5.686107e-05,0.0,0.0,0.00135668,0.00019142858,0.00022100464,0.0040235994,4.756003e-05,0.00065523706
Morgan_709,0.0,0.0019750628,0.0,0.0,0.00027970943,9.810458e-05,0.0006933707,0.0013145126,0.0015109965,0.00065241737
Morgan_887,0.00074913324,0.0024421255,0.0,6.345605e-05,0.00048461324,0.00013475672,0.00062335137,0.0004765757,0.00083837425,0.00064582075
Morgan_895,0.0,0.00020239048,0.002426835,0.0,0.0012581507,0.00034675078,0.0005630594,0.00053944933,0.00045472957,0.00064348505
Morgan_836,4.429712e-06,0.00011400708,0.0,0.0,0.00016582513,0.00015857977,0.0030269977,6.262399e-05,0.0022280093,0.0006400525
Morgan_504,0.0,0.00029546194,0.0,0.0010614458,9.638073e-05,0.000103207174,0.00024113068,0.0009944004,0.002961423,0.0006392722
Morgan_993,0.0,0.0015012524,0.0036932675,0.0,6.1031813e-05,6.1029237e-05,0.00023332788,3.1759824e-05,0.00011900419,0.0006334081
Morgan_968,0.0,0.0009108772,0.0,0.0,0.0039807823,0.00014413698,6.971175e-05,0.0003169082,0.0002722667,0.0006327426
Morgan_488,0.00023012889,0.00091044966,0.0,0.0,5.985425e-05,9.892345e-05,0.003495865,0.00022872839,0.0006700704,0.00063266885
Morgan_548,0.0,0.0009031438,0.0031720828,0.00035658188,5.0054794e-05,6.241607e-05,2.2783548e-05,0.00014321675,0.0009607525,0.00063011463
Morgan_297,0.0,0.00035803902,0.0050566895,0.0,0.00015474649,2.2273935e-05,4.0425625e-06,3.0188135e-05,3.9379975e-05,0.0006294844
Morgan_9,0.0,0.00027650004,0.0,0.0,0.00013025122,0.0009872203,0.0008516125,0.00059953483,0.002818979,0.00062934426
Morgan_741,0.0,0.0006111763,0.0,0.0,5.0188515e-05,4.034133e-05,0.0007341624,0.00027669474,0.003951389,0.000629328
Morgan_197,0.0,0.0013671201,0.0,0.0,0.0022635483,0.00023330467,0.0011290602,0.00055981526,0.000103710285,0.00062850653
Morgan_243,0.0,0.00398741,0.0,0.0,0.00031198937,0.00014015505,5.7260826e-05,2.8337692e-05,0.0010741088,0.00062214024
Morgan_632,0.0013405682,0.00045343002,0.0024119986,0.0,7.522262e-05,0.0011968445,6.0968618e-05,5.1856292e-05,0.0,0.00062120985
Morgan_431,7.648782e-05,0.00040558082,0.0,0.0,0.00010372295,5.1833802e-05,0.0030173713,6.299223e-05,0.0018651779,0.0006203519
Morgan_3,0.0,0.00014195108,0.0,0.0,5.0526414e-05,0.00029487364,0.0030082504,0.0014446274,0.0005931156,0.0006148161
Morgan_784,0.0,0.0,0.0,0.0,0.00021293206,0.00043336296,6.5774555e-05,0.0028383466,0.0019792633,0.0006144088
Morgan_258,0.0,0.002644057,0.0,0.0020492317,2.1419712e-05,3.613005e-05,0.0,0.00021581516,0.0005178286,0.00060938695
Morgan_950,0.0,0.0021086456,0.0,0.0,0.00010993314,6.749819e-05,0.0016957315,0.00040999084,0.0010639705,0.0006061967
Morgan_802,0.0,0.00047746365,0.0,0.0,4.777309e-05,8.48751e-05,2.7909276e-05,0.0035536345,0.0012600977,0.00060575036
Morgan_364,0.00011926494,0.00015114414,0.003661167,0.0,3.0430508e-06,3.1847965e-05,0.00082224543,0.0004924307,0.00013676485,0.00060198986
Morgan_94,0.00025098055,0.0030016545,0.0015944811,0.0,7.058777e-05,2.1072883e-05,0.00016402958,0.00021178654,4.6920253e-05,0.0005957236
Morgan_289,0.0,3.621112e-05,0.0027444593,0.0,0.0002060449,0.00023041022,0.00037021472,0.00032265502,0.0014435307,0.00059483625
Morgan_832,3.1674794e-05,0.0032989257,0.00045356574,0.0,4.4386994e-05,2.4029627e-05,0.0,0.00105718,0.00043960143,0.0005943738
Morgan_483,0.0,0.0006290085,0.0,0.0041181385,2.8020117e-05,0.0003400454,1.9628458e-05,0.00018038538,7.102562e-07,0.0005906596
Morgan_485,0.0,8.580823e-05,0.0,0.0035618898,2.325284e-05,5.5273566e-05,1.1136078e-05,0.00092611654,0.00064882357,0.00059025566
Morgan_212,6.2749394e-05,0.0,0.00014487757,0.0,0.0020829486,7.78192e-05,1.6502458e-05,0.002630648,0.0002843065,0.00058887247
Morgan_898,0.0002886175,0.0006116885,0.0,0.0,5.3740914e-05,0.0006512496,0.0007226123,0.0028306043,6.8220514e-05,0.00058074814
Morgan_54,0.0,0.00033924213,0.0,0.0002309659,3.1920546e-05,3.921814e-05,0.00039635933,5.520761e-05,0.004130477,0.0005803767
Morgan_385,0.0,0.0007386907,0.0,0.0028174066,0.00017527123,0.00016771774,1.8841502e-05,0.0011688902,8.580708e-05,0.0005747361
Morgan_393,0.0,0.0014845361,0.00073724077,0.0,4.887482e-05,9.240438e-05,0.0010803886,0.0012922595,0.00040063233,0.000570704
Morgan_469,0.0001634621,0.0002477065,0.0038673468,0.0,0.00030987844,2.0068752e-05,1.9704572e-05,0.00039549632,9.4838535e-05,0.00056872243
Morgan_896,0.0005690959,0.0006555533,0.00021099852,0.0,5.6012166e-05,0.0007624824,0.00028734008,0.0014447641,0.0011228367,0.00056767586
Morgan_58,0.0,0.0005870861,0.0028151488,0.0,2.3419074e-05,7.5982236e-05,0.00012723412,7.2031304e-05,0.0013889521,0.00056553935
Morgan_518,2.520805e-05,0.0009859721,0.0014861941,0.0023637111,1.7875007e-05,0.000121954065,2.168024e-05,6.3599684e-05,0.0,0.0005651327
Morgan_973,0.0,0.00026071092,0.0,0.0,2.8999553e-05,0.00048324504,1.9476636e-05,0.0041386015,0.00013229268,0.00056259177
Morgan_653,0.0,0.0005593594,0.00031885586,0.0,0.0002415347,0.00050205004,0.00011830098,0.00041191938,0.0029020377,0.000561562
Morgan_437,0.0,0.00057584763,0.0004434266,0.0015726285,7.112351e-06,9.262195e-05,0.0021642223,7.703723e-05,9.6530224e-05,0.00055882515
Morgan_104,0.0,0.00013782662,0.0,0.0034530119,7.88868e-06,0.00015126601,0.0004458525,8.676729e-05,0.0007073518,0.0005544405
MACCS_45,0.0,0.001520049,0.0,0.0,0.00047795454,0.00023770126,0.0010529321,0.0013454629,0.00034568214,0.00055330916
Morgan_106,0.0,0.00014878764,8.009955e-05,0.0015119474,7.2952535e-05,4.9662158e-05,0.0,0.00017805354,0.0028946996,0.0005484669
Morgan_387,0.0,3.3064945e-05,0.0001896892,3.241838e-05,0.003650676,7.8619516e-05,0.00013153932,0.00036728798,0.00044730277,0.0005478442
Morgan_56,0.0016588432,0.00058804266,0.0,0.0,6.966369e-06,8.622202e-05,0.0022852528,0.0001199596,0.00015564513,0.0005445479
Morgan_766,0.0,0.0005349966,0.0010306076,0.0010752893,0.00014064946,3.9659324e-05,9.7383e-05,0.0017094039,0.00024306974,0.0005412288
Morgan_745,0.00023779916,0.00235881,0.00052547705,0.0,0.0001660368,9.598295e-05,0.0005864524,0.00057016104,0.00031638853,0.00053967873
Morgan_965,0.0,0.00013464851,0.0,0.0,1.1010702e-05,4.0181585e-05,0.0037593595,0.00058306113,0.00028229092,0.0005345058
Morgan_1014,0.0,0.0021344293,0.0,0.0,0.00018965865,0.00014983302,3.9250754e-05,0.0012913683,0.00096730073,0.0005302045
Morgan_554,0.0001181567,0.0006094707,0.0,0.0018073557,0.0014582443,0.00028258638,0.0,0.00032535978,0.00013510765,0.0005262535
Morgan_526,0.0,0.0018873209,1.9195239e-05,0.0,0.00010854946,4.56317e-05,0.0,0.002441644,0.00022957673,0.0005257686
Morgan_931,0.0002409589,0.0003130392,0.0,0.0,0.00016367598,0.00017313797,0.0004046567,0.00038848975,0.003033605,0.0005241737
Morgan_868,0.0,0.0012242405,0.0006231684,0.0,6.3111154e-05,0.000111260175,5.72731e-06,0.0017218735,0.0009608271,0.0005233565
Morgan_897,0.0,0.002647503,0.0,0.0,3.863813e-05,0.00013374719,0.0008637761,0.0002374522,0.00076175877,0.00052031945
Morgan_639,0.0,1.6269058e-05,0.0027540103,0.0005520447,1.1431507e-05,0.00010810781,0.0,0.00013668509,0.0010837606,0.0005180343
Morgan_158,0.0006953083,0.0010411558,0.0,0.0,0.00011279615,1.3748447e-05,3.5250858e-05,3.8997943e-05,0.0026170968,0.0005060394
Morgan_769,0.0006344622,0.0021897743,0.0015177772,0.0,7.2761627e-06,5.7596433e-05,0.0,6.1194905e-06,5.4574935e-05,0.0004963979
Morgan_229,0.0009445803,0.00019913052,0.0010047586,0.0010174318,0.0010805444,6.284856e-05,2.0855476e-05,1.5695141e-05,5.8860394e-05,0.00048941164
Morgan_421,0.0,0.00029780294,0.0009445233,0.0,7.973969e-06,1.469424e-05,0.0003561631,0.0007623972,0.0019840884,0.00048529368
Morgan_556,0.0,0.0029861468,6.304512e-05,0.0,0.0,0.0001475926,0.0002821319,0.00031049788,0.00053309725,0.00048027906
Morgan_339,0.0007730077,0.0010426006,0.0005543854,0.0,0.0005505824,0.00041389058,0.000103535494,0.00011541616,0.0007648639,0.00047980912
Morgan_195,0.0,0.00023043033,0.0,0.0,3.0700707e-05,0.00010211513,0.0,0.0038909703,6.1651015e-05,0.00047954085
Morgan_588,0.0,0.0,0.0,0.0036588854,0.00016156744,3.690885e-05,0.0002387234,5.6686264e-07,0.00020394773,0.00047784438
Morgan_489,0.0,0.0005991908,0.0,0.0,0.0016666088,3.899928e-05,1.3984289e-05,0.0009163729,0.0010305886,0.00047397168
Morgan_19,0.0,0.001385902,0.00034879995,0.0,9.248454e-06,0.00029994344,1.3745531e-05,0.00036345256,0.0018413226,0.00047360163
Morgan_1010,0.0,0.00032439432,0.0,0.0036182988,9.595024e-06,6.5552325e-05,0.0,0.00015692,5.1807037e-05,0.00046961862
Morgan_930,5.874238e-05,7.386888e-05,0.002452846,8.130576e-05,3.9927323e-05,2.503836e-05,0.0,0.00038290993,0.0011092942,0.0004693259
Morgan_731,0.0,0.0010494489,0.0018680394,0.0,1.6591024e-06,9.8555654e-05,0.00090387533,0.0002882323,1.3963875e-05,0.00046930823
Morgan_624,0.0002823363,0.0004391608,0.0,0.0,7.069798e-05,4.6820707e-05,0.0005798424,0.0025885974,0.0002117566,0.0004688014
Morgan_71,0.0,0.0002773377,0.0,0.0,8.860295e-05,0.00015685306,1.5198364e-05,0.0036250933,2.9072131e-05,0.00046579528
Morgan_819,0.0,0.00076022686,0.0,0.0019287242,5.8243796e-07,0.00013971576,0.00034005544,8.946806e-06,0.0010001246,0.00046426404
Morgan_74,0.0,0.0003054155,0.0,0.0,9.463213e-05,8.427074e-05,0.003413435,0.00018545442,8.346575e-05,0.0004629637
Morgan_565,0.0,0.000112456364,0.0,0.0,0.00037242394,0.0017088075,0.0013866344,0.00034596518,0.00022755277,0.00046153786
Morgan_43,0.0,0.00027944756,0.0020898962,0.0,0.000163706,0.00013850605,0.0002812703,8.5067244e-05,0.0010739596,0.00045687254
Morgan_219,0.0,0.00091605086,0.0,0.0,0.0003368358,7.124232e-05,0.00013171084,0.0011793926,0.0014644841,0.00045552404
Morgan_31,0.0,0.00030513678,0.0,0.0,6.165982e-05,0.000263565,8.9002126e-05,0.0030985905,0.00025512528,0.00045256442
Morgan_750,0.0,0.002391889,0.0,0.0,6.108384e-05,0.00016163128,5.5724195e-05,0.0003581048,0.0009914137,0.00044664962
Morgan_788,0.0,0.00041327454,0.0,0.0033866174,9.308055e-05,4.2811066e-06,0.0,4.4828226e-05,2.3486096e-05,0.00044061863
Morgan_800,0.0,0.0001874655,0.0023114553,0.0010030736,1.2717926e-05,7.2744355e-05,3.61053e-05,0.00023619572,0.0,0.000428862
Morgan_978,0.0,0.000116361545,0.0033747968,0.0,3.6122387e-05,1.7630366e-05,4.819382e-05,9.5097676e-05,0.00015195041,0.00042668366
Morgan_497,0.0,0.0006858657,0.0,0.0006244503,0.00032253395,2.8903665e-05,0.00078382593,1.1931367e-05,0.0013710882,0.0004253999
Morgan_435,0.0,1.4555716e-05,0.0011178984,0.0,0.00042218005,0.00013923396,0.00153084,2.136093e-05,0.00056671345,0.0004236425
Morgan_332,0.0,0.0010598503,0.0,0.0,0.00015357154,6.4585365e-05,0.00039425076,0.0015137008,0.0006198723,0.0004228701
Morgan_853,0.0008008676,0.00016462294,0.00042699437,0.0,0.0002728432,4.015756e-05,0.0,0.00204232,5.1912553e-05,0.00042219096
Morgan_823,0.00015278057,0.0007781843,0.0,0.0,5.761469e-05,4.1338022e-05,2.3404556e-05,0.0021489505,0.00057501846,0.000419699
Morgan_602,0.0,0.00033841762,0.0,0.0,9.603533e-06,9.4308685e-05,0.0,0.00013582931,0.003172434,0.00041673257
Morgan_358,0.0,3.4890618e-05,0.0,0.0022998706,3.4474877e-05,5.3350395e-05,0.00024906918,0.00039185103,0.00063392054,0.00041082522
Morgan_820,0.0,0.00016532984,0.0,0.0,0.0019939097,0.00033810345,0.00025853855,0.00014894371,0.00077650795,0.000409037
Morgan_498,0.0004223667,1.9174206e-05,1.1604075e-05,0.0011881046,0.0,3.8849783e-05,0.00045925518,0.00013360589,0.0013423831,0.00040170483
Morgan_492,0.0,0.00087250955,0.0,0.0006176811,0.0014179265,0.00025535905,5.2738913e-05,3.9580427e-05,0.00034484325,0.00040007097
Morgan_873,0.0,0.00020090728,0.0,0.0,1.8021867e-05,1.7128918e-05,7.367745e-06,0.0025051935,0.00081248226,0.00039567795
Morgan_446,1.2009798e-06,0.0005219478,0.0016400102,0.0,5.308748e-06,0.000200963,0.00014020634,9.3026785e-05,0.000939032,0.0003935218
Morgan_723,0.0,0.0006353452,0.002318088,0.0,0.0,5.5152217e-05,0.00016233775,0.00029708748,6.348713e-05,0.00039238864
Morgan_455,0.0018494654,0.00014185952,0.0,0.0,0.0,9.933018e-05,7.376788e-05,0.00031720652,0.0010458905,0.0003919467
Morgan_46,0.0,0.0003783337,0.0,0.0,0.001608501,0.00023503724,0.00056354544,0.00060328806,6.714507e-05,0.00038398337
Morgan_133,0.0,2.4514955e-05,0.0,0.0,0.00072023505,0.00010191211,0.00026499937,0.00075376796,0.0015850208,0.0003833834
Morgan_477,0.0,0.0,0.0,0.0,5.201412e-05,6.261187e-05,0.0,0.0006724011,0.002603343,0.00037670776
Morgan_21,0.0,0.0008503528,0.0,0.0,0.0,8.998133e-05,0.0003704672,0.0017138693,0.0003365346,0.00037346725
Morgan_827,0.0014592602,0.00057382573,0.0,0.0006220417,4.3592263e-05,6.6743116e-05,0.0,0.0005209053,7.389265e-05,0.00037336236
Morgan_599,0.0,3.338392e-05,0.0023415664,0.0,5.326699e-05,4.508644e-05,0.00011456703,0.00047595688,0.0002647642,0.00036984356
Morgan_375,7.38377e-05,0.00040306925,0.001127726,0.0,0.00037222635,2.269907e-05,0.0,2.7052361e-05,0.0012769513,0.00036706246
Morgan_5,0.0013111238,0.0012743241,0.00018288096,0.0,0.00012333084,0.00017043292,6.0685787e-05,7.5431008e-06,0.00017130298,0.00036684715
Morgan_647,0.0,2.979199e-05,0.0,0.0,0.001259126,0.00035265146,2.71287e-05,0.00085248624,0.0007620715,0.00036480618
Morgan_179,0.0,0.00097002875,0.0,0.00022416357,0.0,0.0002731497,0.0006084451,0.0007628477,0.00041931594,0.00036199452
Morgan_298,0.0,0.0005237799,0.0,0.0,0.0009476452,0.00021261892,2.7501577e-05,0.0011694359,0.0003637499,0.00036052574
Morgan_1003,0.0,0.00011776504,0.0018387497,0.0,1.1282406e-05,6.4786e-05,0.0003022436,0.00049294386,0.0003918306,0.0003577335
Morgan_577,0.0,0.0008708673,0.0,0.0020369678,1.7532699e-05,8.5599764e-05,3.1851065e-05,0.00015764362,1.5152966e-05,0.00035729053
Morgan_263,0.00015894473,0.0015020218,0.0,0.0,0.00034353876,5.1853574e-05,0.00046734198,8.65149e-05,0.0006022033,0.00035693543
Morgan_430,0.0,0.00067397964,0.0,0.0013679068,0.0,6.371604e-05,3.185933e-05,0.00046629232,0.00059986976,0.0003559582
Morgan_412,0.0,0.0018940739,0.0,0.0,1.5829028e-05,8.2448496e-05,5.510766e-05,4.449105e-06,0.0011480126,0.00035554677
Morgan_96,0.0,0.0002955544,0.0016108747,0.0,7.1334354e-05,4.98116e-05,9.188061e-06,0.00040908775,0.0007387202,0.0003538412
Morgan_829,0.0001209818,0.00020070061,0.0014158167,0.0,0.0006316326,9.7071876e-05,3.9323924e-05,0.0005626028,0.00011341885,0.0003535055
Morgan_574,0.0,0.0002761107,0.0,0.0,0.0016280274,2.621344e-05,2.4058229e-05,0.0007501146,0.0004681769,0.00035252236
Morgan_241,0.0,6.352951e-05,0.0025582141,0.0,0.0003218661,8.1833976e-05,0.0,6.4270665e-05,4.7533227e-05,0.00034858304
Morgan_552,0.0,0.00057039293,0.0,0.0,1.4687542e-05,0.00010484395,0.00016320129,0.0014794691,0.00072384474,0.0003396044
Morgan_625,0.0,0.0001227805,0.0,0.0014231837,5.1264083e-06,0.00014717874,1.0815446e-05,0.0007500428,0.00057695346,0.00033734235
Morgan_576,0.0,0.0001599889,0.00045970993,0.0,4.159162e-05,0.0003171,0.0020058595,0.0,2.5981028e-05,0.00033447013
Morgan_75,0.0,0.00061998935,0.0,0.0,0.0,9.122614e-05,6.921158e-05,0.0020858617,0.00011509417,0.0003312648
Morgan_976,0.0,0.0004415273,0.00036694962,0.0,1.6386093e-05,0.00013461676,0.000609912,0.0008395861,0.00051120785,0.00032446507
Morgan_246,0.0010666703,0.000570536,0.0,0.0,0.000493013,6.677033e-05,2.3505072e-05,0.00035182445,0.00034565086,0.00032421888
Morgan_717,0.0,0.002240974,0.0,0.0,5.184854e-05,6.606917e-05,8.5909205e-06,0.00049723487,3.2585343e-05,0.00032192253
Morgan_239,0.0,0.0004419714,0.00047929183,0.0,0.00012762126,0.00057693064,0.00047083094,0.00063709967,0.0001579884,0.00032130379
Morgan_167,0.0,4.3724438e-05,0.0017136498,0.0,0.00048077296,5.827396e-05,0.00015236033,0.00041983734,1.5442823e-05,0.0003204513
Morgan_693,0.0,0.0022976436,0.0,0.0,0.00024793067,6.18664e-05,9.330838e-05,4.2150306e-05,0.00013679484,0.000319966
Morgan_403,0.0,0.00072982506,0.0,0.0,0.0004243614,0.00016538291,0.00021775789,0.0011595627,0.00017623598,0.00031923622
Morgan_564,0.0,0.0005708598,0.0,0.0,0.00069919607,0.00018895099,0.00013427818,0.0005291932,0.00074903393,0.0003190569
Morgan_310,0.0,0.00091908494,0.0,0.0,7.7087556e-05,0.00015028754,0.00020807362,0.00081821164,0.00058836374,0.00030678988
Morgan_645,0.0,0.00030982585,0.001665274,0.0,5.2413993e-06,4.8397633e-05,0.00027231127,4.262569e-05,0.00041055414,0.00030602555
Morgan_328,0.0,0.00075710175,0.0,0.0,0.00084914436,0.00013979244,0.00015602536,0.00036424963,0.0004826091,0.00030543585
Morgan_355,0.00012631607,9.137173e-06,0.0,0.0,0.0002878486,0.0002655002,0.000104890445,0.0015489426,0.00037935027,0.00030244282
Morgan_610,0.0,0.00017838784,0.0,0.0,0.00022693603,2.3389626e-05,0.00017086593,0.0020277314,7.354212e-05,0.00030009478
Morgan_407,0.0,0.00023789228,0.0,0.0,0.0012452768,0.000291365,0.00020653778,0.00043249963,0.00023710345,0.00029451944
Morgan_752,0.0,0.00020634991,0.0,0.0,3.0357594e-06,4.7749036e-05,0.0021340968,0.000120753386,0.00012993698,0.00029354688
Morgan_879,0.0,0.00057929003,0.0,0.0,0.00011597226,0.00086217135,0.0,0.00095526426,0.00012853566,0.00029347037
Morgan_419,0.0,0.00030229654,0.0,0.0,5.5994755e-05,1.4183995e-05,0.000587264,0.0015734287,8.756204e-05,0.00029119223
Morgan_304,0.0,0.0010338139,0.0,0.0,0.0,7.139305e-05,0.00072291336,0.0007614777,1.7719465e-05,0.00028970197
Morgan_676,0.00012440346,0.00035466926,0.0011125865,0.0,7.538337e-05,2.9344057e-05,0.00040241284,1.7172906e-05,0.00046722734,0.00028702218
Morgan_288,0.0,0.0012511,3.475282e-05,0.0,5.8788763e-05,0.00011955727,6.8096226e-05,0.000280539,0.0007561047,0.00028543765
Morgan_598,8.5560845e-05,4.910883e-05,0.0,0.0,0.00010356852,5.9913487e-05,0.0019617898,0.00010851206,0.00019045304,0.00028432297
Morgan_811,0.0,0.000106115804,0.0,0.0,3.8361886e-05,2.7238006e-05,0.0018874852,0.0,0.00048373608,0.00028254854
Morgan_997,0.0,0.0004084545,0.0,0.0,6.127053e-05,9.978309e-05,0.00049189845,0.0009888544,0.00048802947,0.0002820323
Morgan_338,0.0,0.0003822466,0.0003704898,0.0,8.92122e-06,0.00035896417,8.024918e-05,0.0011348374,0.00017110904,0.00027853527
Morgan_582,0.0,0.00074250216,0.0015166175,0.0,5.23047e-05,3.859376e-05,5.1677616e-06,0.00011937222,1.9454039e-05,0.00027711244
Morgan_203,0.0,0.00054669037,0.0,0.0,0.0010620065,2.380697e-05,0.00060255785,9.5201576e-05,0.0001606242,0.00027676526
Morgan_702,0.0,0.00023157142,0.0012325922,0.0,0.00027784088,6.46456e-05,0.00026549678,0.00015133784,0.00024717263,0.00027451746
Morgan_878,0.0,0.0006814382,5.0139213e-05,0.0,0.00036768647,3.1803756e-05,0.0003697446,0.0005074838,0.00045948505,0.0002741979
Morgan_629,0.0,0.0,0.0,0.0,0.002092678,5.3347438e-05,1.92921e-05,2.1631951e-05,0.00028077586,0.00027419173
Morgan_775,0.0,0.0009853968,0.0,0.0,7.120951e-05,2.0149995e-05,0.0011621309,0.00016092775,3.481365e-05,0.00027051425
Morgan_37,0.0,0.0007430985,0.0012461656,0.0,6.9338625e-05,8.0215614e-05,0.0,0.0002058521,8.240995e-05,0.00026967557
Morgan_609,0.0,0.00016451001,0.0,0.0016258318,0.00034970886,1.2271778e-05,1.0623827e-05,0.0002017085,2.6165133e-05,0.00026564664
Morgan_649,0.00019260577,2.3523746e-05,0.0,0.0,2.8398494e-05,4.4527653e-05,1.8386267e-05,0.0003202771,0.0017082578,0.00025955297
Morgan_531,0.0,0.00073797454,0.0,0.0,0.0002600181,5.9893147e-05,0.0007676194,0.00028368656,0.00022546698,0.00025940652
MACCS_8,0.0,0.00025399573,0.0,0.0,0.0,0.0001088932,0.00014524037,0.0016128935,0.00021221576,0.00025924874
Morgan_381,0.0,0.00019054308,0.0,0.0,0.0012148763,0.00013115621,6.780525e-05,0.00016858208,0.00052111637,0.00025489772
Morgan_86,0.0,0.0005491378,0.00015883091,0.0,4.854804e-05,0.0001438626,1.5312324e-05,0.0,0.0012862063,0.00024465533
Morgan_638,0.00050683116,0.00038664715,0.0002541864,0.0,0.00040679748,8.633145e-05,2.210363e-05,0.0005074206,2.405399e-05,0.00024381909
Morgan_266,0.0,0.0018998884,0.0,0.0,0.00012518474,6.2045125e-05,0.0,6.33898e-05,3.1172654e-05,0.00024240899
Morgan_221,0.0,0.0007465905,0.00024341911,0.0,0.00015730548,0.000115622875,2.436671e-05,0.0007390827,0.00015208675,0.0002420527
Morgan_772,0.0,0.00021061566,0.0,0.0,0.0007023147,7.928305e-05,0.00078501797,0.00013836095,0.00023978075,0.00023948587
Morgan_544,0.0,0.00052837236,0.0008207065,0.0,3.831394e-06,6.441625e-05,0.0,7.977447e-05,0.00064773584,0.00023831517
Morgan_706,5.9253576e-05,0.00076222,0.0,0.0,4.759535e-05,0.0003233445,0.0001112944,0.0004715218,0.00030033087,0.00023061785
Morgan_646,4.341937e-05,0.0010384205,0.0,0.0,8.280347e-05,0.000129427,0.00016092462,0.0003654127,0.00021212919,0.00022583742
Morgan_240,0.00013598209,0.00031028775,0.0,0.0,1.3548936e-06,2.8380426e-05,0.00058858836,0.000911494,4.768428e-05,0.00022486354
Morgan_883,1.910419e-05,0.00012014388,0.0,0.0,0.0008879943,7.926993e-05,0.00020298047,0.0004632722,0.00024428562,0.00022411672
Morgan_186,0.00049878174,0.00053480064,0.00030800607,0.0,3.7794045e-05,0.00010793267,0.00037142873,9.093665e-06,0.00013699713,0.0002227594
Morgan_107,0.00010529886,0.0010703658,0.0,0.0,0.00067339797,2.0651441e-05,6.6886125e-05,0.0,3.6383946e-05,0.00021922046
Morgan_451,0.0,0.0009663284,0.0,0.0,7.9616366e-05,7.685018e-05,7.501432e-05,0.00022286744,0.0005487149,0.00021882128
Morgan_587,0.0,5.4073353e-05,0.0,0.0,0.0005468192,4.5719175e-05,0.0,6.879339e-05,0.0012165933,0.00021466649
Morgan_684,0.0,8.1261824e-05,0.0,0.0,1.93429e-05,6.499169e-05,6.5633576e-05,0.0004653922,0.0012343634,0.00021455396
Morgan_62,0.00013136676,2.7255133e-05,0.00078485167,0.0,0.00039153526,5.8069385e-05,0.00014161141,0.0002829815,9.9598605e-05,0.00021302997
Morgan_170,0.0,1.5775993e-05,0.0012152413,0.0,5.7149693e-05,5.184128e-05,0.0001227647,0.00015699408,0.00029558415,0.00021281681
Morgan_126,0.0,0.0013512808,0.0,0.0,8.085922e-06,9.0869886e-05,0.00013899487,9.783035e-05,0.00021344544,0.00021116747
Morgan_869,0.0,0.00011973217,0.0,0.0,4.303384e-05,5.700954e-06,0.0005761358,2.3289334e-05,0.0011316728,0.00021106277
Morgan_804,0.0,0.00088090065,0.0,0.0,1.046731e-05,0.00015731169,1.7907936e-05,0.0007104647,0.000116640185,0.00021041029
Morgan_336,0.0,0.000598519,0.0,0.0,1.3194928e-05,0.00027683208,0.00013973325,0.00012348572,0.0007417377,0.00021038919
Morgan_757,0.0,4.9393988e-05,0.00078049884,0.0,0.0004797195,0.00022951864,0.0,1.52407e-05,0.00032618604,0.00020895086
Morgan_503,0.0,6.582561e-05,0.00012838098,0.0,2.5291876e-05,3.270759e-05,6.471536e-05,9.050269e-05,0.0014445479,0.00020577466
Morgan_259,0.0,0.0014428694,0.0,0.0,5.3650074e-05,4.6410373e-06,4.257218e-06,0.00013360295,0.00019904577,0.00020422961
Morgan_380,4.974588e-05,0.0010165568,0.0,0.0,1.7066834e-06,1.2564007e-05,1.7576667e-05,0.0006836376,4.8475806e-05,0.0002033626
Morgan_502,0.0,0.00026363946,0.0,0.0,0.0013381471,0.00010951861,7.115763e-05,5.675593e-06,3.5351837e-05,0.00020261003
Morgan_1018,0.0,0.0005201267,0.0003896976,0.0,7.928702e-06,5.3435087e-05,0.00029881595,0.00049055443,4.2606054e-05,0.00020035161
Morgan_69,0.0,0.0004365738,0.0,0.0,4.604437e-05,0.00034295412,6.748278e-06,0.00069491065,0.0002748396,0.00020023009
Morgan_1022,0.0,0.00030163955,0.0,0.00075379515,7.374782e-05,8.580753e-05,0.00048756754,4.971116e-05,4.2225718e-05,0.00019938828
Morgan_689,0.0,0.00021381467,0.0,0.0006683246,6.653557e-05,4.2052765e-05,0.0003934268,0.00017761209,0.00022249747,0.00019825155
Morgan_975,0.0,0.000121194316,0.00010718868,0.0012482511,0.00012394997,1.0956506e-05,5.124692e-05,1.3467066e-05,7.0246e-05,0.00019405562
Morgan_413,0.0,0.0008884776,0.0,0.0,4.5836852e-05,8.742307e-05,8.555777e-06,0.00015234089,0.00054695643,0.00019217673
Morgan_447,0.0,0.00090190204,0.0,0.0,0.0007444726,3.4196484e-05,0.0,3.9843097e-05,0.0,0.00019115715
Morgan_1013,0.0,0.0006589846,0.0008825817,0.0,5.8971427e-06,9.149452e-06,0.0,0.0,0.00012378629,0.00018671103
Morgan_72,0.0,0.00028119714,0.0,0.00025379087,0.00044227013,0.00010950924,6.419632e-05,0.00026003912,0.00024220259,0.00018368948
Morgan_157,0.0,0.00023431575,0.0007886835,4.7820606e-05,1.0526202e-05,6.755466e-05,5.6031245e-06,0.00017679326,0.00030346244,0.00018163993
Morgan_351,0.0,0.00021284021,0.00061967084,0.0,0.00011724399,0.00046084472,1.32430705e-05,0.00014534459,2.1605565e-05,0.00017675478
Morgan_754,0.0,0.0007251992,0.0,0.0,2.51669e-05,3.104374e-05,4.6512696e-06,9.078237e-05,0.00070324383,0.00017556525
Morgan_131,0.0,0.00033988396,0.00033800202,0.0,1.2041303e-05,3.0516414e-05,6.697417e-05,0.0007751585,0.0,0.0001736196
Morgan_371,0.0,0.00061438954,0.0,0.0,3.4087912e-05,0.00012460275,0.0002818492,8.0349164e-05,0.00042118222,0.0001729401
Morgan_581,0.0,0.00037367793,0.0,0.0,0.0007022072,0.00010572125,3.117961e-05,0.00011553976,0.0002158613,0.00017157634
Morgan_519,5.594846e-05,0.0003759218,0.0,0.0,2.0428577e-05,0.00017207739,7.5800286e-05,0.0006515862,0.00015301627,0.00016719768
Morgan_409,0.0,0.00020635246,0.0,0.0,0.00014359255,3.3848115e-05,0.00013174787,6.5847016e-05,0.00090284797,0.00016491511
Morgan_780,0.0,0.00028527618,0.0,0.0,0.00024153947,8.457483e-05,0.0,0.00085136265,9.415559e-06,0.0001635743
Morgan_880,0.0,0.00018011467,0.0,0.0,4.7482146e-05,0.0001255773,0.0002534529,0.00048896146,0.00037552998,0.0001634576
Morgan_134,0.0,0.00016564077,0.0011069974,0.0,2.7901739e-05,8.612974e-05,1.287464e-05,2.6750047e-05,3.2968434e-05,0.00016214029
Morgan_440,0.0,8.1376e-05,0.0,0.0010344285,0.0,4.445599e-05,3.587492e-05,0.0001546319,8.01678e-05,0.00015899279
Morgan_118,0.0,0.0003463982,0.0,0.0,0.00014475311,9.2592745e-05,2.1212049e-05,0.00072124484,4.524723e-05,0.00015238315
Morgan_32,0.0,5.2695483e-05,0.0007112025,0.0,5.3313437e-05,0.00021732169,0.00027779498,1.37227435e-05,2.0894162e-05,0.00014966055
Morgan_657,0.0,0.0005372384,0.000610101,0.0,3.1321224e-06,1.6046535e-05,0.000109691246,3.897178e-05,2.1015163e-05,0.00014846626
Morgan_242,0.0,0.00031076404,0.0,0.0,0.00027918365,0.00010336617,2.8304907e-05,0.0006091394,0.0,0.00014786203
Morgan_459,0.0,0.00062871404,0.0,0.0,8.248852e-06,0.000116327465,0.00031508168,1.9566305e-05,0.0001869043,0.00014164919
Morgan_679,0.0,0.0001949375,0.0,0.0,6.313388e-05,0.00019185651,5.465529e-05,0.00073656853,2.3400358e-05,0.00014050578
Morgan_918,0.0,0.00040436082,0.0,0.0,0.0001658178,3.3076816e-05,0.0002286075,0.00042663031,0.0,0.00013983257
Morgan_996,0.0,0.0007895313,0.0,0.0,2.2194114e-05,0.000111989895,2.3426039e-05,0.00011284939,0.00019306628,0.00013922856
Morgan_798,5.655838e-05,0.0004536254,0.0,0.0,1.3729537e-05,4.677017e-05,0.00010227085,7.2784365e-05,0.0005024656,0.00013868937
Morgan_970,0.00042694615,0.00037075396,0.0,0.0,7.254876e-05,3.887521e-05,6.434228e-05,7.644773e-05,0.00019696204,0.0001385418
Morgan_142,0.00012371759,5.8486563e-05,0.0,0.0,4.625869e-06,6.9447415e-05,7.4936695e-05,6.180646e-05,0.0008280141,0.00013567052
Morgan_67,0.0,0.00016167719,0.00030887395,0.0,5.2806317e-06,6.961089e-05,1.6191669e-05,3.846077e-05,0.0006208575,0.00013566141
Morgan_999,0.0,6.837022e-05,0.0,0.0,0.0,0.00015217296,0.0,0.00036296068,0.0005858059,0.0001299233
Morgan_457,0.0,0.00015110528,0.0,0.0,5.6214172e-05,4.5759636e-05,6.8238216e-05,0.00067251176,0.00015968473,0.00012816819
Morgan_908,0.0,0.0005777546,0.0,0.0,0.00018339048,7.036224e-05,1.741941e-05,0.00016063117,0.0001246393,0.0001260219
Morgan_666,0.0,0.00034667007,0.0,0.0,3.992871e-06,0.00011657689,1.1700991e-05,4.2347285e-05,0.00060537993,0.00012518532
Morgan_313,0.0,0.00012796908,0.0,0.0,4.9153725e-05,7.334075e-05,3.2937794e-05,0.00018824203,0.00062196224,0.00012151174
Morgan_687,0.0,0.00010709361,0.0,0.0,7.493719e-06,6.702373e-05,5.528605e-06,0.0006067796,0.00025908186,0.00011700013
Morgan_722,0.0,0.00038401497,0.0,0.0,1.7419996e-05,0.0001001923,0.00028681319,7.790977e-05,6.753237e-05,0.00010376473
Morgan_530,0.0,0.00057377917,0.0,0.0,9.1484e-05,9.108875e-05,0.0,5.3226786e-06,0.00015210932,0.00010153154
Morgan_363,0.0,0.00054843014,0.0,0.0,0.0,3.0489316e-05,0.0,0.00015817884,0.00017045249,0.00010083898
Morgan_327,0.0005796725,7.826853e-05,0.0,0.0,0.0,6.0177717e-05,3.199657e-05,5.54496e-05,9.94061e-05,0.00010055234
Morgan_984,0.0,0.000106734595,0.0,0.0,0.00011328355,7.04012e-05,9.6403055e-05,0.00017744295,0.00033474618,9.989017e-05
Morgan_472,0.0,0.00014264934,0.0,0.0,5.630217e-05,0.00013079762,1.0533366e-05,0.00044244202,0.00011155926,9.9364865e-05
Morgan_559,0.0,0.00025454606,0.0,0.0,0.0001641749,1.6845615e-05,0.0003254322,2.5087387e-05,0.00010127543,9.859573e-05
Morgan_417,0.0,0.0,0.0,0.0,3.7214883e-07,5.8425536e-05,0.0004221148,0.0002297377,0.0001298808,9.339233e-05
Morgan_168,0.0,0.00010116055,0.0,0.0,4.008472e-05,6.504193e-05,5.0875344e-05,0.0005033721,5.0038627e-05,9.0063695e-05
Morgan_493,0.0,0.00043576458,0.00028042393,0.0,6.2815484e-06,7.610532e-05,3.5183457e-06,0.0,3.9823785e-06,8.956401e-05
Morgan_680,0.0,0.0002962556,0.0,0.0,6.4346124e-05,7.9612546e-05,0.0,0.00027810808,8.657035e-05,8.943252e-05
Morgan_391,0.0,0.00012883688,0.0,0.0,0.0,0.00020622964,1.2961425e-05,0.00031512513,9.8173485e-05,8.459184e-05
Morgan_658,0.0,0.00014275115,0.0,0.0,0.00036077283,8.577004e-05,0.0,0.00015301647,1.6572573e-06,8.266308e-05
Morgan_87,0.0,3.5675126e-05,0.0,0.0,0.0005005688,8.552508e-05,1.4903708e-05,4.9068305e-05,5.5275756e-05,8.23352e-05
Morgan_966,6.251657e-05,0.00013277913,0.0,0.0,0.0,7.942143e-05,0.00016780161,0.00011611667,0.00017873014,8.192951e-05
Morgan_936,0.0,0.0,0.0,0.0,5.106245e-05,0.00025331648,7.490503e-05,4.5808032e-05,0.00031137018,8.182913e-05
Morgan_237,0.0,0.00051701826,0.0,0.0,4.5679695e-05,9.8181794e-05,2.9339373e-05,1.8840634e-05,0.0,7.878442e-05
Morgan_902,0.0,0.00011703229,0.0,0.0,0.00024570874,8.181653e-05,0.0,0.00014903482,0.00010252109,7.734595e-05
Morgan_795,0.0,0.00031854905,0.0,0.0,8.6010616e-05,8.844577e-05,3.0821528e-05,6.39229e-05,0.00010168021,7.660335e-05
Morgan_742,0.0,0.00014978113,0.0,0.0,6.23802e-05,7.9891084e-05,7.978202e-05,0.0,0.00027524226,7.189741e-05
Morgan_494,0.0,0.00048515658,0.0,0.0,2.2024782e-05,2.1378757e-05,8.396102e-06,8.3067156e-05,1.2026009e-05,7.02277e-05
Morgan_570,0.0,5.9283295e-05,0.0,0.0,3.838602e-05,0.00015539762,4.4444292e-05,0.00015635528,0.0001669911,6.8984176e-05
Morgan_99,0.0001824178,3.176985e-05,0.0,0.0,0.0,9.570173e-06,3.2430366e-05,0.00033952444,1.833727e-05,6.822777e-05
Morgan_262,0.0,0.00015479208,0.0,0.0,0.00014689434,8.5466876e-05,1.5529129e-05,3.2069856e-05,4.9342085e-05,5.3788262e-05
Morgan_969,0.0,0.000104782746,0.0,0.0,1.770592e-05,3.0269606e-05,0.000207245,8.4513136e-05,0.0,4.939071e-05
Morgan_265,0.0,4.135341e-05,0.0,0.0,5.9733746e-05,0.00010938229,1.2830244e-05,4.9181144e-05,5.4493932e-05,3.633053e-05
Morgan_346,0.0,0.00012727441,0.0,0.0,1.9078441e-05,3.5578123e-05,5.2184863e-05,4.7366186e-05,0.0,3.127578e-05
Morgan_369,0.0,0.0,0.0,0.0,3.9154993e-06,2.3209459e-05,2.967877e-05,3.9359333e-05,9.434102e-05,2.116712e-05
Morgan_613,0.0,0.0,0.0,0.0,1.4791058e-05,2.868447e-05,3.6484394e-06,1.2853542e-05,0.0,6.664168e-06
